/*
 * font8x16.h -- GENERATED FILE, do not edit by hand.
 *
 * Source: GNU Unifont (SIL Open Font License 1.1),
 * produced by tools/mkfont.py.
 *
 * 1547 glyphs in 10 ranges, 24752 bytes.
 */
#ifndef EB_FONT8X16_H
#define EB_FONT8X16_H

#include <eb/types.h>

typedef struct {
    u32 first;   /* first code point of the range     */
    u32 last;    /* last one, inclusive               */
    u32 offset;  /* row in font_bitmap for 'first'    */
} font_range;

#define FONT_RANGE_COUNT 10
#define FONT_GLYPH_COUNT 1547

static const font_range font_ranges[FONT_RANGE_COUNT] = {
    { 0x0020, 0x02FF, 0 },
    { 0x0370, 0x03FF, 736 },
    { 0x0400, 0x04FF, 880 },
    { 0x2010, 0x203A, 1136 },
    { 0x20A0, 0x20BF, 1179 },
    { 0x2100, 0x214F, 1211 },
    { 0x2190, 0x21BF, 1291 },
    { 0x2500, 0x257F, 1339 },
    { 0x2580, 0x259F, 1467 },
    { 0x25A0, 0x25CF, 1499 },
};

/* Shown in place of a code point we do not have. */
static const u8 font_missing[16] = {
    0x00, 0x00, 0x7E, 0x42, 0x42, 0x5A, 0x5A, 0x42, 0x42, 0x5A, 0x5A, 0x42, 0x42, 0x7E, 0x00, 0x00
};

static const u8 font_bitmap[FONT_GLYPH_COUNT][16] = {
    {0x00,0x00,0x00,0x00,0x00,0x00,0x00,0x00,0x00,0x00,0x00,0x00,0x00,0x00,0x00,0x00},  /* U+0020 */
    {0x00,0x00,0x00,0x00,0x08,0x08,0x08,0x08,0x08,0x08,0x08,0x00,0x08,0x08,0x00,0x00},  /* U+0021 ! */
    {0x00,0x00,0x22,0x22,0x22,0x22,0x00,0x00,0x00,0x00,0x00,0x00,0x00,0x00,0x00,0x00},  /* U+0022 " */
    {0x00,0x00,0x00,0x00,0x12,0x12,0x12,0x7E,0x24,0x24,0x7E,0x48,0x48,0x48,0x00,0x00},  /* U+0023 # */
    {0x00,0x00,0x00,0x00,0x08,0x3E,0x49,0x48,0x38,0x0E,0x09,0x49,0x3E,0x08,0x00,0x00},  /* U+0024 $ */
    {0x00,0x00,0x00,0x00,0x31,0x4A,0x4A,0x34,0x08,0x08,0x16,0x29,0x29,0x46,0x00,0x00},  /* U+0025 % */
    {0x00,0x00,0x00,0x00,0x1C,0x22,0x22,0x14,0x18,0x29,0x45,0x42,0x46,0x39,0x00,0x00},  /* U+0026 & */
    {0x00,0x00,0x08,0x08,0x08,0x08,0x00,0x00,0x00,0x00,0x00,0x00,0x00,0x00,0x00,0x00},  /* U+0027 ' */
    {0x00,0x00,0x00,0x04,0x08,0x08,0x10,0x10,0x10,0x10,0x10,0x10,0x08,0x08,0x04,0x00},  /* U+0028 ( */
    {0x00,0x00,0x00,0x20,0x10,0x10,0x08,0x08,0x08,0x08,0x08,0x08,0x10,0x10,0x20,0x00},  /* U+0029 ) */
    {0x00,0x00,0x00,0x00,0x00,0x00,0x08,0x49,0x2A,0x1C,0x2A,0x49,0x08,0x00,0x00,0x00},  /* U+002A * */
    {0x00,0x00,0x00,0x00,0x00,0x00,0x08,0x08,0x08,0x7F,0x08,0x08,0x08,0x00,0x00,0x00},  /* U+002B + */
    {0x00,0x00,0x00,0x00,0x00,0x00,0x00,0x00,0x00,0x00,0x00,0x00,0x18,0x08,0x08,0x10},  /* U+002C , */
    {0x00,0x00,0x00,0x00,0x00,0x00,0x00,0x00,0x00,0x3C,0x00,0x00,0x00,0x00,0x00,0x00},  /* U+002D - */
    {0x00,0x00,0x00,0x00,0x00,0x00,0x00,0x00,0x00,0x00,0x00,0x00,0x18,0x18,0x00,0x00},  /* U+002E . */
    {0x00,0x00,0x00,0x00,0x02,0x02,0x04,0x08,0x08,0x10,0x10,0x20,0x40,0x40,0x00,0x00},  /* U+002F / */
    {0x00,0x00,0x00,0x00,0x18,0x24,0x42,0x46,0x4A,0x52,0x62,0x42,0x24,0x18,0x00,0x00},  /* U+0030 0 */
    {0x00,0x00,0x00,0x00,0x08,0x18,0x28,0x08,0x08,0x08,0x08,0x08,0x08,0x3E,0x00,0x00},  /* U+0031 1 */
    {0x00,0x00,0x00,0x00,0x3C,0x42,0x42,0x02,0x0C,0x10,0x20,0x40,0x40,0x7E,0x00,0x00},  /* U+0032 2 */
    {0x00,0x00,0x00,0x00,0x3C,0x42,0x42,0x02,0x1C,0x02,0x02,0x42,0x42,0x3C,0x00,0x00},  /* U+0033 3 */
    {0x00,0x00,0x00,0x00,0x04,0x0C,0x14,0x24,0x44,0x44,0x7E,0x04,0x04,0x04,0x00,0x00},  /* U+0034 4 */
    {0x00,0x00,0x00,0x00,0x7E,0x40,0x40,0x40,0x7C,0x02,0x02,0x02,0x42,0x3C,0x00,0x00},  /* U+0035 5 */
    {0x00,0x00,0x00,0x00,0x1C,0x20,0x40,0x40,0x7C,0x42,0x42,0x42,0x42,0x3C,0x00,0x00},  /* U+0036 6 */
    {0x00,0x00,0x00,0x00,0x7E,0x02,0x02,0x04,0x04,0x04,0x08,0x08,0x08,0x08,0x00,0x00},  /* U+0037 7 */
    {0x00,0x00,0x00,0x00,0x3C,0x42,0x42,0x42,0x3C,0x42,0x42,0x42,0x42,0x3C,0x00,0x00},  /* U+0038 8 */
    {0x00,0x00,0x00,0x00,0x3C,0x42,0x42,0x42,0x3E,0x02,0x02,0x02,0x04,0x38,0x00,0x00},  /* U+0039 9 */
    {0x00,0x00,0x00,0x00,0x00,0x00,0x18,0x18,0x00,0x00,0x00,0x18,0x18,0x00,0x00,0x00},  /* U+003A : */
    {0x00,0x00,0x00,0x00,0x00,0x00,0x18,0x18,0x00,0x00,0x00,0x18,0x08,0x08,0x10,0x00},  /* U+003B ; */
    {0x00,0x00,0x00,0x00,0x00,0x02,0x04,0x08,0x10,0x20,0x10,0x08,0x04,0x02,0x00,0x00},  /* U+003C < */
    {0x00,0x00,0x00,0x00,0x00,0x00,0x00,0x7E,0x00,0x00,0x00,0x7E,0x00,0x00,0x00,0x00},  /* U+003D = */
    {0x00,0x00,0x00,0x00,0x00,0x40,0x20,0x10,0x08,0x04,0x08,0x10,0x20,0x40,0x00,0x00},  /* U+003E > */
    {0x00,0x00,0x00,0x00,0x3C,0x42,0x42,0x02,0x04,0x08,0x08,0x00,0x08,0x08,0x00,0x00},  /* U+003F ? */
    {0x00,0x00,0x00,0x00,0x1C,0x22,0x4A,0x56,0x52,0x52,0x52,0x4E,0x20,0x1E,0x00,0x00},  /* U+0040 @ */
    {0x00,0x00,0x00,0x00,0x18,0x24,0x24,0x42,0x42,0x7E,0x42,0x42,0x42,0x42,0x00,0x00},  /* U+0041 A */
    {0x00,0x00,0x00,0x00,0x7C,0x42,0x42,0x42,0x7C,0x42,0x42,0x42,0x42,0x7C,0x00,0x00},  /* U+0042 B */
    {0x00,0x00,0x00,0x00,0x3C,0x42,0x42,0x40,0x40,0x40,0x40,0x42,0x42,0x3C,0x00,0x00},  /* U+0043 C */
    {0x00,0x00,0x00,0x00,0x78,0x44,0x42,0x42,0x42,0x42,0x42,0x42,0x44,0x78,0x00,0x00},  /* U+0044 D */
    {0x00,0x00,0x00,0x00,0x7E,0x40,0x40,0x40,0x7C,0x40,0x40,0x40,0x40,0x7E,0x00,0x00},  /* U+0045 E */
    {0x00,0x00,0x00,0x00,0x7E,0x40,0x40,0x40,0x7C,0x40,0x40,0x40,0x40,0x40,0x00,0x00},  /* U+0046 F */
    {0x00,0x00,0x00,0x00,0x3C,0x42,0x42,0x40,0x40,0x4E,0x42,0x42,0x46,0x3A,0x00,0x00},  /* U+0047 G */
    {0x00,0x00,0x00,0x00,0x42,0x42,0x42,0x42,0x7E,0x42,0x42,0x42,0x42,0x42,0x00,0x00},  /* U+0048 H */
    {0x00,0x00,0x00,0x00,0x3E,0x08,0x08,0x08,0x08,0x08,0x08,0x08,0x08,0x3E,0x00,0x00},  /* U+0049 I */
    {0x00,0x00,0x00,0x00,0x1F,0x04,0x04,0x04,0x04,0x04,0x04,0x44,0x44,0x38,0x00,0x00},  /* U+004A J */
    {0x00,0x00,0x00,0x00,0x42,0x44,0x48,0x50,0x60,0x60,0x50,0x48,0x44,0x42,0x00,0x00},  /* U+004B K */
    {0x00,0x00,0x00,0x00,0x40,0x40,0x40,0x40,0x40,0x40,0x40,0x40,0x40,0x7E,0x00,0x00},  /* U+004C L */
    {0x00,0x00,0x00,0x00,0x42,0x42,0x66,0x66,0x5A,0x5A,0x42,0x42,0x42,0x42,0x00,0x00},  /* U+004D M */
    {0x00,0x00,0x00,0x00,0x42,0x62,0x62,0x52,0x52,0x4A,0x4A,0x46,0x46,0x42,0x00,0x00},  /* U+004E N */
    {0x00,0x00,0x00,0x00,0x3C,0x42,0x42,0x42,0x42,0x42,0x42,0x42,0x42,0x3C,0x00,0x00},  /* U+004F O */
    {0x00,0x00,0x00,0x00,0x7C,0x42,0x42,0x42,0x7C,0x40,0x40,0x40,0x40,0x40,0x00,0x00},  /* U+0050 P */
    {0x00,0x00,0x00,0x00,0x3C,0x42,0x42,0x42,0x42,0x42,0x42,0x5A,0x66,0x3C,0x03,0x00},  /* U+0051 Q */
    {0x00,0x00,0x00,0x00,0x7C,0x42,0x42,0x42,0x7C,0x48,0x44,0x44,0x42,0x42,0x00,0x00},  /* U+0052 R */
    {0x00,0x00,0x00,0x00,0x3C,0x42,0x42,0x40,0x30,0x0C,0x02,0x42,0x42,0x3C,0x00,0x00},  /* U+0053 S */
    {0x00,0x00,0x00,0x00,0x7F,0x08,0x08,0x08,0x08,0x08,0x08,0x08,0x08,0x08,0x00,0x00},  /* U+0054 T */
    {0x00,0x00,0x00,0x00,0x42,0x42,0x42,0x42,0x42,0x42,0x42,0x42,0x42,0x3C,0x00,0x00},  /* U+0055 U */
    {0x00,0x00,0x00,0x00,0x41,0x41,0x41,0x22,0x22,0x22,0x14,0x14,0x08,0x08,0x00,0x00},  /* U+0056 V */
    {0x00,0x00,0x00,0x00,0x42,0x42,0x42,0x42,0x5A,0x5A,0x66,0x66,0x42,0x42,0x00,0x00},  /* U+0057 W */
    {0x00,0x00,0x00,0x00,0x42,0x42,0x24,0x24,0x18,0x18,0x24,0x24,0x42,0x42,0x00,0x00},  /* U+0058 X */
    {0x00,0x00,0x00,0x00,0x41,0x41,0x22,0x22,0x14,0x08,0x08,0x08,0x08,0x08,0x00,0x00},  /* U+0059 Y */
    {0x00,0x00,0x00,0x00,0x7E,0x02,0x02,0x04,0x08,0x10,0x20,0x40,0x40,0x7E,0x00,0x00},  /* U+005A Z */
    {0x00,0x00,0x00,0x0E,0x08,0x08,0x08,0x08,0x08,0x08,0x08,0x08,0x08,0x08,0x0E,0x00},  /* U+005B [ */
    {0x00,0x00,0x00,0x00,0x40,0x40,0x20,0x10,0x10,0x08,0x08,0x04,0x02,0x02,0x00,0x00},  /* U+005C \ */
    {0x00,0x00,0x00,0x70,0x10,0x10,0x10,0x10,0x10,0x10,0x10,0x10,0x10,0x10,0x70,0x00},  /* U+005D ] */
    {0x00,0x00,0x18,0x24,0x42,0x00,0x00,0x00,0x00,0x00,0x00,0x00,0x00,0x00,0x00,0x00},  /* U+005E ^ */
    {0x00,0x00,0x00,0x00,0x00,0x00,0x00,0x00,0x00,0x00,0x00,0x00,0x00,0x00,0x7F,0x00},  /* U+005F _ */
    {0x00,0x20,0x10,0x08,0x00,0x00,0x00,0x00,0x00,0x00,0x00,0x00,0x00,0x00,0x00,0x00},  /* U+0060 ` */
    {0x00,0x00,0x00,0x00,0x00,0x00,0x3C,0x42,0x02,0x3E,0x42,0x42,0x46,0x3A,0x00,0x00},  /* U+0061 a */
    {0x00,0x00,0x00,0x40,0x40,0x40,0x5C,0x62,0x42,0x42,0x42,0x42,0x62,0x5C,0x00,0x00},  /* U+0062 b */
    {0x00,0x00,0x00,0x00,0x00,0x00,0x3C,0x42,0x40,0x40,0x40,0x40,0x42,0x3C,0x00,0x00},  /* U+0063 c */
    {0x00,0x00,0x00,0x02,0x02,0x02,0x3A,0x46,0x42,0x42,0x42,0x42,0x46,0x3A,0x00,0x00},  /* U+0064 d */
    {0x00,0x00,0x00,0x00,0x00,0x00,0x3C,0x42,0x42,0x7E,0x40,0x40,0x42,0x3C,0x00,0x00},  /* U+0065 e */
    {0x00,0x00,0x00,0x0C,0x10,0x10,0x10,0x7C,0x10,0x10,0x10,0x10,0x10,0x10,0x00,0x00},  /* U+0066 f */
    {0x00,0x00,0x00,0x00,0x00,0x02,0x3A,0x44,0x44,0x44,0x38,0x20,0x3C,0x42,0x42,0x3C},  /* U+0067 g */
    {0x00,0x00,0x00,0x40,0x40,0x40,0x5C,0x62,0x42,0x42,0x42,0x42,0x42,0x42,0x00,0x00},  /* U+0068 h */
    {0x00,0x00,0x00,0x08,0x08,0x00,0x18,0x08,0x08,0x08,0x08,0x08,0x08,0x3E,0x00,0x00},  /* U+0069 i */
    {0x00,0x00,0x00,0x04,0x04,0x00,0x0C,0x04,0x04,0x04,0x04,0x04,0x04,0x04,0x48,0x30},  /* U+006A j */
    {0x00,0x00,0x00,0x40,0x40,0x40,0x44,0x48,0x50,0x60,0x50,0x48,0x44,0x42,0x00,0x00},  /* U+006B k */
    {0x00,0x00,0x00,0x18,0x08,0x08,0x08,0x08,0x08,0x08,0x08,0x08,0x08,0x3E,0x00,0x00},  /* U+006C l */
    {0x00,0x00,0x00,0x00,0x00,0x00,0x76,0x49,0x49,0x49,0x49,0x49,0x49,0x49,0x00,0x00},  /* U+006D m */
    {0x00,0x00,0x00,0x00,0x00,0x00,0x5C,0x62,0x42,0x42,0x42,0x42,0x42,0x42,0x00,0x00},  /* U+006E n */
    {0x00,0x00,0x00,0x00,0x00,0x00,0x3C,0x42,0x42,0x42,0x42,0x42,0x42,0x3C,0x00,0x00},  /* U+006F o */
    {0x00,0x00,0x00,0x00,0x00,0x00,0x5C,0x62,0x42,0x42,0x42,0x42,0x62,0x5C,0x40,0x40},  /* U+0070 p */
    {0x00,0x00,0x00,0x00,0x00,0x00,0x3A,0x46,0x42,0x42,0x42,0x42,0x46,0x3A,0x02,0x02},  /* U+0071 q */
    {0x00,0x00,0x00,0x00,0x00,0x00,0x5C,0x62,0x42,0x40,0x40,0x40,0x40,0x40,0x00,0x00},  /* U+0072 r */
    {0x00,0x00,0x00,0x00,0x00,0x00,0x3C,0x42,0x40,0x30,0x0C,0x02,0x42,0x3C,0x00,0x00},  /* U+0073 s */
    {0x00,0x00,0x00,0x00,0x10,0x10,0x10,0x7C,0x10,0x10,0x10,0x10,0x10,0x0C,0x00,0x00},  /* U+0074 t */
    {0x00,0x00,0x00,0x00,0x00,0x00,0x42,0x42,0x42,0x42,0x42,0x42,0x46,0x3A,0x00,0x00},  /* U+0075 u */
    {0x00,0x00,0x00,0x00,0x00,0x00,0x42,0x42,0x42,0x24,0x24,0x24,0x18,0x18,0x00,0x00},  /* U+0076 v */
    {0x00,0x00,0x00,0x00,0x00,0x00,0x41,0x49,0x49,0x49,0x49,0x49,0x49,0x36,0x00,0x00},  /* U+0077 w */
    {0x00,0x00,0x00,0x00,0x00,0x00,0x42,0x42,0x24,0x18,0x18,0x24,0x42,0x42,0x00,0x00},  /* U+0078 x */
    {0x00,0x00,0x00,0x00,0x00,0x00,0x42,0x42,0x42,0x42,0x42,0x26,0x1A,0x02,0x02,0x3C},  /* U+0079 y */
    {0x00,0x00,0x00,0x00,0x00,0x00,0x7E,0x02,0x04,0x08,0x10,0x20,0x40,0x7E,0x00,0x00},  /* U+007A z */
    {0x00,0x00,0x00,0x0C,0x10,0x10,0x08,0x08,0x10,0x20,0x10,0x08,0x08,0x10,0x10,0x0C},  /* U+007B { */
    {0x00,0x00,0x08,0x08,0x08,0x08,0x08,0x08,0x08,0x08,0x08,0x08,0x08,0x08,0x08,0x08},  /* U+007C | */
    {0x00,0x00,0x00,0x30,0x08,0x08,0x10,0x10,0x08,0x04,0x08,0x10,0x10,0x08,0x08,0x30},  /* U+007D } */
    {0x00,0x00,0x00,0x31,0x49,0x46,0x00,0x00,0x00,0x00,0x00,0x00,0x00,0x00,0x00,0x00},  /* U+007E ~ */
    {0x00,0x00,0x7E,0x42,0x42,0x5A,0x5A,0x42,0x42,0x5A,0x5A,0x42,0x42,0x7E,0x00,0x00},  /* U+007F */
    {0x00,0x00,0x7E,0x42,0x42,0x5A,0x5A,0x42,0x42,0x5A,0x5A,0x42,0x42,0x7E,0x00,0x00},  /* U+0080 */
    {0x00,0x00,0x7E,0x42,0x42,0x5A,0x5A,0x42,0x42,0x5A,0x5A,0x42,0x42,0x7E,0x00,0x00},  /* U+0081 */
    {0x00,0x00,0x7E,0x42,0x42,0x5A,0x5A,0x42,0x42,0x5A,0x5A,0x42,0x42,0x7E,0x00,0x00},  /* U+0082 */
    {0x00,0x00,0x7E,0x42,0x42,0x5A,0x5A,0x42,0x42,0x5A,0x5A,0x42,0x42,0x7E,0x00,0x00},  /* U+0083 */
    {0x00,0x00,0x7E,0x42,0x42,0x5A,0x5A,0x42,0x42,0x5A,0x5A,0x42,0x42,0x7E,0x00,0x00},  /* U+0084 */
    {0x00,0x00,0x7E,0x42,0x42,0x5A,0x5A,0x42,0x42,0x5A,0x5A,0x42,0x42,0x7E,0x00,0x00},  /* U+0085 */
    {0x00,0x00,0x7E,0x42,0x42,0x5A,0x5A,0x42,0x42,0x5A,0x5A,0x42,0x42,0x7E,0x00,0x00},  /* U+0086 */
    {0x00,0x00,0x7E,0x42,0x42,0x5A,0x5A,0x42,0x42,0x5A,0x5A,0x42,0x42,0x7E,0x00,0x00},  /* U+0087 */
    {0x00,0x00,0x7E,0x42,0x42,0x5A,0x5A,0x42,0x42,0x5A,0x5A,0x42,0x42,0x7E,0x00,0x00},  /* U+0088 */
    {0x00,0x00,0x7E,0x42,0x42,0x5A,0x5A,0x42,0x42,0x5A,0x5A,0x42,0x42,0x7E,0x00,0x00},  /* U+0089 */
    {0x00,0x00,0x7E,0x42,0x42,0x5A,0x5A,0x42,0x42,0x5A,0x5A,0x42,0x42,0x7E,0x00,0x00},  /* U+008A */
    {0x00,0x00,0x7E,0x42,0x42,0x5A,0x5A,0x42,0x42,0x5A,0x5A,0x42,0x42,0x7E,0x00,0x00},  /* U+008B */
    {0x00,0x00,0x7E,0x42,0x42,0x5A,0x5A,0x42,0x42,0x5A,0x5A,0x42,0x42,0x7E,0x00,0x00},  /* U+008C */
    {0x00,0x00,0x7E,0x42,0x42,0x5A,0x5A,0x42,0x42,0x5A,0x5A,0x42,0x42,0x7E,0x00,0x00},  /* U+008D */
    {0x00,0x00,0x7E,0x42,0x42,0x5A,0x5A,0x42,0x42,0x5A,0x5A,0x42,0x42,0x7E,0x00,0x00},  /* U+008E */
    {0x00,0x00,0x7E,0x42,0x42,0x5A,0x5A,0x42,0x42,0x5A,0x5A,0x42,0x42,0x7E,0x00,0x00},  /* U+008F */
    {0x00,0x00,0x7E,0x42,0x42,0x5A,0x5A,0x42,0x42,0x5A,0x5A,0x42,0x42,0x7E,0x00,0x00},  /* U+0090 */
    {0x00,0x00,0x7E,0x42,0x42,0x5A,0x5A,0x42,0x42,0x5A,0x5A,0x42,0x42,0x7E,0x00,0x00},  /* U+0091 */
    {0x00,0x00,0x7E,0x42,0x42,0x5A,0x5A,0x42,0x42,0x5A,0x5A,0x42,0x42,0x7E,0x00,0x00},  /* U+0092 */
    {0x00,0x00,0x7E,0x42,0x42,0x5A,0x5A,0x42,0x42,0x5A,0x5A,0x42,0x42,0x7E,0x00,0x00},  /* U+0093 */
    {0x00,0x00,0x7E,0x42,0x42,0x5A,0x5A,0x42,0x42,0x5A,0x5A,0x42,0x42,0x7E,0x00,0x00},  /* U+0094 */
    {0x00,0x00,0x7E,0x42,0x42,0x5A,0x5A,0x42,0x42,0x5A,0x5A,0x42,0x42,0x7E,0x00,0x00},  /* U+0095 */
    {0x00,0x00,0x7E,0x42,0x42,0x5A,0x5A,0x42,0x42,0x5A,0x5A,0x42,0x42,0x7E,0x00,0x00},  /* U+0096 */
    {0x00,0x00,0x7E,0x42,0x42,0x5A,0x5A,0x42,0x42,0x5A,0x5A,0x42,0x42,0x7E,0x00,0x00},  /* U+0097 */
    {0x00,0x00,0x7E,0x42,0x42,0x5A,0x5A,0x42,0x42,0x5A,0x5A,0x42,0x42,0x7E,0x00,0x00},  /* U+0098 */
    {0x00,0x00,0x7E,0x42,0x42,0x5A,0x5A,0x42,0x42,0x5A,0x5A,0x42,0x42,0x7E,0x00,0x00},  /* U+0099 */
    {0x00,0x00,0x7E,0x42,0x42,0x5A,0x5A,0x42,0x42,0x5A,0x5A,0x42,0x42,0x7E,0x00,0x00},  /* U+009A */
    {0x00,0x00,0x7E,0x42,0x42,0x5A,0x5A,0x42,0x42,0x5A,0x5A,0x42,0x42,0x7E,0x00,0x00},  /* U+009B */
    {0x00,0x00,0x7E,0x42,0x42,0x5A,0x5A,0x42,0x42,0x5A,0x5A,0x42,0x42,0x7E,0x00,0x00},  /* U+009C */
    {0x00,0x00,0x7E,0x42,0x42,0x5A,0x5A,0x42,0x42,0x5A,0x5A,0x42,0x42,0x7E,0x00,0x00},  /* U+009D */
    {0x00,0x00,0x7E,0x42,0x42,0x5A,0x5A,0x42,0x42,0x5A,0x5A,0x42,0x42,0x7E,0x00,0x00},  /* U+009E */
    {0x00,0x00,0x7E,0x42,0x42,0x5A,0x5A,0x42,0x42,0x5A,0x5A,0x42,0x42,0x7E,0x00,0x00},  /* U+009F */
    {0x00,0x00,0x00,0x00,0x00,0x00,0x00,0x00,0x00,0x00,0x00,0x00,0x00,0x00,0x00,0x00},  /* U+00A0 */
    {0x00,0x00,0x00,0x00,0x08,0x08,0x00,0x08,0x08,0x08,0x08,0x08,0x08,0x08,0x00,0x00},  /* U+00A1 */
    {0x00,0x00,0x00,0x00,0x08,0x08,0x3E,0x49,0x48,0x48,0x49,0x3E,0x08,0x08,0x00,0x00},  /* U+00A2 */
    {0x00,0x00,0x00,0x00,0x0E,0x10,0x10,0x10,0x7C,0x10,0x10,0x10,0x3E,0x61,0x00,0x00},  /* U+00A3 */
    {0x00,0x00,0x00,0x00,0x00,0x42,0x3C,0x24,0x42,0x42,0x24,0x3C,0x42,0x00,0x00,0x00},  /* U+00A4 */
    {0x00,0x00,0x00,0x00,0x41,0x22,0x14,0x08,0x7F,0x08,0x7F,0x08,0x08,0x08,0x00,0x00},  /* U+00A5 */
    {0x00,0x00,0x00,0x00,0x08,0x08,0x08,0x08,0x00,0x00,0x08,0x08,0x08,0x08,0x00,0x00},  /* U+00A6 */
    {0x00,0x00,0x00,0x00,0x3C,0x42,0x40,0x3C,0x42,0x42,0x3C,0x02,0x42,0x3C,0x00,0x00},  /* U+00A7 */
    {0x24,0x24,0x00,0x00,0x00,0x00,0x00,0x00,0x00,0x00,0x00,0x00,0x00,0x00,0x00,0x00},  /* U+00A8 */
    {0x00,0x00,0x00,0x00,0x3C,0x42,0x99,0xA5,0xA1,0xA1,0xA5,0x99,0x42,0x3C,0x00,0x00},  /* U+00A9 */
    {0x00,0x00,0x1C,0x02,0x1E,0x22,0x1E,0x00,0x3E,0x00,0x00,0x00,0x00,0x00,0x00,0x00},  /* U+00AA */
    {0x00,0x00,0x00,0x00,0x00,0x12,0x12,0x24,0x24,0x48,0x24,0x24,0x12,0x12,0x00,0x00},  /* U+00AB */
    {0x00,0x00,0x00,0x00,0x00,0x00,0x00,0x00,0x00,0x00,0x7E,0x02,0x02,0x02,0x00,0x00},  /* U+00AC */
    {0x00,0x00,0x7E,0x42,0x42,0x5A,0x5A,0x42,0x42,0x5A,0x5A,0x42,0x42,0x7E,0x00,0x00},  /* U+00AD */
    {0x00,0x00,0x00,0x00,0x3C,0x42,0xB9,0xA5,0xA5,0xB9,0xA9,0xA5,0x42,0x3C,0x00,0x00},  /* U+00AE */
    {0x00,0x00,0x7E,0x00,0x00,0x00,0x00,0x00,0x00,0x00,0x00,0x00,0x00,0x00,0x00,0x00},  /* U+00AF */
    {0x00,0x00,0x00,0x00,0x18,0x24,0x24,0x18,0x00,0x00,0x00,0x00,0x00,0x00,0x00,0x00},  /* U+00B0 */
    {0x00,0x00,0x00,0x00,0x08,0x08,0x08,0x7F,0x08,0x08,0x08,0x00,0x7F,0x00,0x00,0x00},  /* U+00B1 */
    {0x00,0x00,0x00,0x38,0x44,0x04,0x18,0x20,0x40,0x7C,0x00,0x00,0x00,0x00,0x00,0x00},  /* U+00B2 */
    {0x00,0x00,0x00,0x38,0x44,0x04,0x38,0x04,0x44,0x38,0x00,0x00,0x00,0x00,0x00,0x00},  /* U+00B3 */
    {0x00,0x04,0x08,0x10,0x00,0x00,0x00,0x00,0x00,0x00,0x00,0x00,0x00,0x00,0x00,0x00},  /* U+00B4 */
    {0x00,0x00,0x00,0x00,0x00,0x00,0x42,0x42,0x42,0x42,0x42,0x42,0x66,0x59,0x40,0x80},  /* U+00B5 */
    {0x00,0x00,0x00,0x00,0x3F,0x7A,0x7A,0x7A,0x3A,0x0A,0x0A,0x0A,0x0A,0x0A,0x0A,0x00},  /* U+00B6 */
    {0x00,0x00,0x00,0x00,0x00,0x00,0x00,0x00,0x18,0x18,0x00,0x00,0x00,0x00,0x00,0x00},  /* U+00B7 */
    {0x00,0x00,0x00,0x00,0x00,0x00,0x00,0x00,0x00,0x00,0x00,0x00,0x00,0x00,0x08,0x30},  /* U+00B8 */
    {0x00,0x00,0x00,0x10,0x30,0x50,0x10,0x10,0x10,0x7C,0x00,0x00,0x00,0x00,0x00,0x00},  /* U+00B9 */
    {0x00,0x00,0x1C,0x22,0x22,0x22,0x1C,0x00,0x3E,0x00,0x00,0x00,0x00,0x00,0x00,0x00},  /* U+00BA */
    {0x00,0x00,0x00,0x00,0x00,0x48,0x48,0x24,0x24,0x12,0x24,0x24,0x48,0x48,0x00,0x00},  /* U+00BB */
    {0x00,0x00,0x00,0x00,0x22,0x62,0x24,0x28,0x28,0x12,0x16,0x2A,0x4E,0x42,0x00,0x00},  /* U+00BC */
    {0x00,0x00,0x00,0x00,0x22,0x62,0x24,0x28,0x28,0x14,0x1A,0x22,0x44,0x4E,0x00,0x00},  /* U+00BD */
    {0x00,0x00,0x00,0x00,0x62,0x12,0x24,0x18,0x68,0x12,0x16,0x2A,0x4E,0x42,0x00,0x00},  /* U+00BE */
    {0x00,0x00,0x00,0x00,0x10,0x10,0x00,0x10,0x10,0x20,0x40,0x42,0x42,0x3C,0x00,0x00},  /* U+00BF */
    {0x30,0x0C,0x00,0x00,0x18,0x24,0x24,0x42,0x42,0x7E,0x42,0x42,0x42,0x42,0x00,0x00},  /* U+00C0 */
    {0x0C,0x30,0x00,0x00,0x18,0x24,0x24,0x42,0x42,0x7E,0x42,0x42,0x42,0x42,0x00,0x00},  /* U+00C1 */
    {0x18,0x24,0x00,0x00,0x18,0x24,0x24,0x42,0x42,0x7E,0x42,0x42,0x42,0x42,0x00,0x00},  /* U+00C2 */
    {0x32,0x4C,0x00,0x00,0x18,0x24,0x24,0x42,0x42,0x7E,0x42,0x42,0x42,0x42,0x00,0x00},  /* U+00C3 */
    {0x24,0x24,0x00,0x00,0x18,0x24,0x24,0x42,0x42,0x7E,0x42,0x42,0x42,0x42,0x00,0x00},  /* U+00C4 */
    {0x18,0x24,0x18,0x00,0x18,0x24,0x24,0x42,0x42,0x7E,0x42,0x42,0x42,0x42,0x00,0x00},  /* U+00C5 */
    {0x00,0x00,0x00,0x00,0x1F,0x28,0x48,0x48,0x7F,0x48,0x48,0x48,0x48,0x4F,0x00,0x00},  /* U+00C6 */
    {0x00,0x00,0x00,0x00,0x3C,0x42,0x42,0x40,0x40,0x40,0x40,0x42,0x42,0x3C,0x08,0x30},  /* U+00C7 */
    {0x30,0x0C,0x00,0x00,0x7E,0x40,0x40,0x40,0x7C,0x40,0x40,0x40,0x40,0x7E,0x00,0x00},  /* U+00C8 */
    {0x0C,0x30,0x00,0x00,0x7E,0x40,0x40,0x40,0x7C,0x40,0x40,0x40,0x40,0x7E,0x00,0x00},  /* U+00C9 */
    {0x18,0x24,0x00,0x00,0x7E,0x40,0x40,0x40,0x7C,0x40,0x40,0x40,0x40,0x7E,0x00,0x00},  /* U+00CA */
    {0x24,0x24,0x00,0x00,0x7E,0x40,0x40,0x40,0x7C,0x40,0x40,0x40,0x40,0x7E,0x00,0x00},  /* U+00CB */
    {0x18,0x06,0x00,0x00,0x3E,0x08,0x08,0x08,0x08,0x08,0x08,0x08,0x08,0x3E,0x00,0x00},  /* U+00CC */
    {0x0C,0x30,0x00,0x00,0x3E,0x08,0x08,0x08,0x08,0x08,0x08,0x08,0x08,0x3E,0x00,0x00},  /* U+00CD */
    {0x18,0x24,0x00,0x00,0x3E,0x08,0x08,0x08,0x08,0x08,0x08,0x08,0x08,0x3E,0x00,0x00},  /* U+00CE */
    {0x24,0x24,0x00,0x00,0x3E,0x08,0x08,0x08,0x08,0x08,0x08,0x08,0x08,0x3E,0x00,0x00},  /* U+00CF */
    {0x00,0x00,0x00,0x00,0x78,0x44,0x42,0x42,0xF2,0x42,0x42,0x42,0x44,0x78,0x00,0x00},  /* U+00D0 */
    {0x32,0x4C,0x00,0x00,0x42,0x62,0x62,0x52,0x52,0x4A,0x4A,0x46,0x46,0x42,0x00,0x00},  /* U+00D1 */
    {0x30,0x0C,0x00,0x00,0x3C,0x42,0x42,0x42,0x42,0x42,0x42,0x42,0x42,0x3C,0x00,0x00},  /* U+00D2 */
    {0x0C,0x30,0x00,0x00,0x3C,0x42,0x42,0x42,0x42,0x42,0x42,0x42,0x42,0x3C,0x00,0x00},  /* U+00D3 */
    {0x18,0x24,0x00,0x00,0x3C,0x42,0x42,0x42,0x42,0x42,0x42,0x42,0x42,0x3C,0x00,0x00},  /* U+00D4 */
    {0x32,0x4C,0x00,0x00,0x3C,0x42,0x42,0x42,0x42,0x42,0x42,0x42,0x42,0x3C,0x00,0x00},  /* U+00D5 */
    {0x24,0x24,0x00,0x00,0x3C,0x42,0x42,0x42,0x42,0x42,0x42,0x42,0x42,0x3C,0x00,0x00},  /* U+00D6 */
    {0x00,0x00,0x00,0x00,0x00,0x00,0x00,0x42,0x24,0x18,0x24,0x42,0x00,0x00,0x00,0x00},  /* U+00D7 */
    {0x00,0x00,0x00,0x02,0x3A,0x44,0x46,0x4A,0x4A,0x52,0x52,0x62,0x22,0x5C,0x40,0x00},  /* U+00D8 */
    {0x30,0x0C,0x00,0x00,0x42,0x42,0x42,0x42,0x42,0x42,0x42,0x42,0x42,0x3C,0x00,0x00},  /* U+00D9 */
    {0x0C,0x30,0x00,0x00,0x42,0x42,0x42,0x42,0x42,0x42,0x42,0x42,0x42,0x3C,0x00,0x00},  /* U+00DA */
    {0x18,0x24,0x00,0x00,0x42,0x42,0x42,0x42,0x42,0x42,0x42,0x42,0x42,0x3C,0x00,0x00},  /* U+00DB */
    {0x24,0x24,0x00,0x00,0x42,0x42,0x42,0x42,0x42,0x42,0x42,0x42,0x42,0x3C,0x00,0x00},  /* U+00DC */
    {0x0C,0x30,0x00,0x00,0x41,0x41,0x22,0x22,0x14,0x08,0x08,0x08,0x08,0x08,0x00,0x00},  /* U+00DD */
    {0x00,0x00,0x00,0x40,0x40,0x78,0x44,0x42,0x42,0x44,0x78,0x40,0x40,0x40,0x00,0x00},  /* U+00DE */
    {0x00,0x00,0x00,0x00,0x38,0x44,0x44,0x48,0x58,0x44,0x42,0x42,0x52,0x4C,0x00,0x00},  /* U+00DF */
    {0x00,0x00,0x30,0x0C,0x00,0x00,0x3C,0x42,0x02,0x3E,0x42,0x42,0x46,0x3A,0x00,0x00},  /* U+00E0 */
    {0x00,0x00,0x0C,0x30,0x00,0x00,0x3C,0x42,0x02,0x3E,0x42,0x42,0x46,0x3A,0x00,0x00},  /* U+00E1 */
    {0x00,0x00,0x18,0x24,0x00,0x00,0x3C,0x42,0x02,0x3E,0x42,0x42,0x46,0x3A,0x00,0x00},  /* U+00E2 */
    {0x00,0x00,0x32,0x4C,0x00,0x00,0x3C,0x42,0x02,0x3E,0x42,0x42,0x46,0x3A,0x00,0x00},  /* U+00E3 */
    {0x00,0x00,0x24,0x24,0x00,0x00,0x3C,0x42,0x02,0x3E,0x42,0x42,0x46,0x3A,0x00,0x00},  /* U+00E4 */
    {0x00,0x18,0x24,0x18,0x00,0x00,0x3C,0x42,0x02,0x3E,0x42,0x42,0x46,0x3A,0x00,0x00},  /* U+00E5 */
    {0x00,0x00,0x00,0x00,0x00,0x00,0x3E,0x49,0x09,0x3F,0x48,0x48,0x49,0x3E,0x00,0x00},  /* U+00E6 */
    {0x00,0x00,0x00,0x00,0x00,0x00,0x3C,0x42,0x40,0x40,0x40,0x40,0x42,0x3C,0x08,0x30},  /* U+00E7 */
    {0x00,0x00,0x30,0x0C,0x00,0x00,0x3C,0x42,0x42,0x7E,0x40,0x40,0x42,0x3C,0x00,0x00},  /* U+00E8 */
    {0x00,0x00,0x0C,0x30,0x00,0x00,0x3C,0x42,0x42,0x7E,0x40,0x40,0x42,0x3C,0x00,0x00},  /* U+00E9 */
    {0x00,0x00,0x18,0x24,0x00,0x00,0x3C,0x42,0x42,0x7E,0x40,0x40,0x42,0x3C,0x00,0x00},  /* U+00EA */
    {0x00,0x00,0x24,0x24,0x00,0x00,0x3C,0x42,0x42,0x7E,0x40,0x40,0x42,0x3C,0x00,0x00},  /* U+00EB */
    {0x00,0x00,0x30,0x0C,0x00,0x00,0x18,0x08,0x08,0x08,0x08,0x08,0x08,0x3E,0x00,0x00},  /* U+00EC */
    {0x00,0x00,0x0C,0x30,0x00,0x00,0x18,0x08,0x08,0x08,0x08,0x08,0x08,0x3E,0x00,0x00},  /* U+00ED */
    {0x00,0x00,0x18,0x24,0x00,0x00,0x18,0x08,0x08,0x08,0x08,0x08,0x08,0x3E,0x00,0x00},  /* U+00EE */
    {0x00,0x00,0x24,0x24,0x00,0x00,0x18,0x08,0x08,0x08,0x08,0x08,0x08,0x3E,0x00,0x00},  /* U+00EF */
    {0x00,0x00,0x32,0x0C,0x14,0x22,0x02,0x3E,0x42,0x42,0x42,0x42,0x42,0x3C,0x00,0x00},  /* U+00F0 */
    {0x00,0x00,0x32,0x4C,0x00,0x00,0x5C,0x62,0x42,0x42,0x42,0x42,0x42,0x42,0x00,0x00},  /* U+00F1 */
    {0x00,0x00,0x30,0x0C,0x00,0x00,0x3C,0x42,0x42,0x42,0x42,0x42,0x42,0x3C,0x00,0x00},  /* U+00F2 */
    {0x00,0x00,0x0C,0x30,0x00,0x00,0x3C,0x42,0x42,0x42,0x42,0x42,0x42,0x3C,0x00,0x00},  /* U+00F3 */
    {0x00,0x00,0x18,0x24,0x00,0x00,0x3C,0x42,0x42,0x42,0x42,0x42,0x42,0x3C,0x00,0x00},  /* U+00F4 */
    {0x00,0x00,0x32,0x4C,0x00,0x00,0x3C,0x42,0x42,0x42,0x42,0x42,0x42,0x3C,0x00,0x00},  /* U+00F5 */
    {0x00,0x00,0x24,0x24,0x00,0x00,0x3C,0x42,0x42,0x42,0x42,0x42,0x42,0x3C,0x00,0x00},  /* U+00F6 */
    {0x00,0x00,0x00,0x00,0x00,0x00,0x18,0x00,0x00,0x7E,0x00,0x00,0x18,0x00,0x00,0x00},  /* U+00F7 */
    {0x00,0x00,0x00,0x00,0x00,0x02,0x3C,0x46,0x4A,0x4A,0x52,0x52,0x62,0x3C,0x40,0x00},  /* U+00F8 */
    {0x00,0x00,0x30,0x0C,0x00,0x00,0x42,0x42,0x42,0x42,0x42,0x42,0x46,0x3A,0x00,0x00},  /* U+00F9 */
    {0x00,0x00,0x0C,0x30,0x00,0x00,0x42,0x42,0x42,0x42,0x42,0x42,0x46,0x3A,0x00,0x00},  /* U+00FA */
    {0x00,0x00,0x18,0x24,0x00,0x00,0x42,0x42,0x42,0x42,0x42,0x42,0x46,0x3A,0x00,0x00},  /* U+00FB */
    {0x00,0x00,0x24,0x24,0x00,0x00,0x42,0x42,0x42,0x42,0x42,0x42,0x46,0x3A,0x00,0x00},  /* U+00FC */
    {0x00,0x00,0x0C,0x30,0x00,0x00,0x42,0x42,0x42,0x42,0x42,0x26,0x1A,0x02,0x02,0x3C},  /* U+00FD */
    {0x00,0x00,0x00,0x40,0x40,0x40,0x5C,0x62,0x42,0x42,0x42,0x42,0x62,0x5C,0x40,0x40},  /* U+00FE */
    {0x00,0x00,0x24,0x24,0x00,0x00,0x42,0x42,0x42,0x42,0x42,0x26,0x1A,0x02,0x02,0x3C},  /* U+00FF */
    {0x00,0x3C,0x00,0x00,0x18,0x24,0x24,0x42,0x42,0x7E,0x42,0x42,0x42,0x42,0x00,0x00},  /* U+0100 */
    {0x00,0x00,0x00,0x3C,0x00,0x00,0x3C,0x42,0x02,0x3E,0x42,0x42,0x46,0x3A,0x00,0x00},  /* U+0101 */
    {0x42,0x42,0x3C,0x00,0x18,0x24,0x24,0x42,0x42,0x7E,0x42,0x42,0x42,0x42,0x00,0x00},  /* U+0102 */
    {0x00,0x42,0x42,0x3C,0x00,0x00,0x3C,0x42,0x02,0x3E,0x42,0x42,0x46,0x3A,0x00,0x00},  /* U+0103 */
    {0x00,0x00,0x00,0x00,0x18,0x24,0x24,0x42,0x42,0x7E,0x42,0x42,0x42,0x42,0x04,0x03},  /* U+0104 */
    {0x00,0x00,0x00,0x00,0x00,0x00,0x3C,0x42,0x02,0x3E,0x42,0x42,0x46,0x3A,0x04,0x03},  /* U+0105 */
    {0x0C,0x30,0x00,0x00,0x3C,0x42,0x42,0x40,0x40,0x40,0x40,0x42,0x42,0x3C,0x00,0x00},  /* U+0106 */
    {0x00,0x00,0x0C,0x30,0x00,0x00,0x3C,0x42,0x40,0x40,0x40,0x40,0x42,0x3C,0x00,0x00},  /* U+0107 */
    {0x18,0x24,0x00,0x00,0x3C,0x42,0x42,0x40,0x40,0x40,0x40,0x42,0x42,0x3C,0x00,0x00},  /* U+0108 */
    {0x00,0x00,0x18,0x24,0x00,0x00,0x3C,0x42,0x40,0x40,0x40,0x40,0x42,0x3C,0x00,0x00},  /* U+0109 */
    {0x10,0x10,0x00,0x00,0x3C,0x42,0x42,0x40,0x40,0x40,0x40,0x42,0x42,0x3C,0x00,0x00},  /* U+010A */
    {0x00,0x00,0x10,0x10,0x00,0x00,0x3C,0x42,0x40,0x40,0x40,0x40,0x42,0x3C,0x00,0x00},  /* U+010B */
    {0x24,0x18,0x00,0x00,0x3C,0x42,0x42,0x40,0x40,0x40,0x40,0x42,0x42,0x3C,0x00,0x00},  /* U+010C */
    {0x00,0x00,0x24,0x18,0x00,0x00,0x3C,0x42,0x40,0x40,0x40,0x40,0x42,0x3C,0x00,0x00},  /* U+010D */
    {0x48,0x30,0x00,0x00,0x78,0x44,0x42,0x42,0x42,0x42,0x42,0x42,0x44,0x78,0x00,0x00},  /* U+010E */
    {0x00,0x00,0x00,0x16,0x12,0x12,0x54,0xB0,0x90,0x90,0x90,0x90,0xB0,0x50,0x00,0x00},  /* U+010F */
    {0x00,0x00,0x00,0x00,0x78,0x44,0x42,0x42,0xF2,0x42,0x42,0x42,0x44,0x78,0x00,0x00},  /* U+0110 */
    {0x00,0x00,0x00,0x02,0x0F,0x02,0x3A,0x46,0x42,0x42,0x42,0x42,0x46,0x3A,0x00,0x00},  /* U+0111 */
    {0x00,0x3C,0x00,0x00,0x7E,0x40,0x40,0x40,0x7C,0x40,0x40,0x40,0x40,0x7E,0x00,0x00},  /* U+0112 */
    {0x00,0x00,0x00,0x3C,0x00,0x00,0x3C,0x42,0x42,0x7E,0x40,0x40,0x42,0x3C,0x00,0x00},  /* U+0113 */
    {0x42,0x42,0x3C,0x00,0x7E,0x40,0x40,0x40,0x7C,0x40,0x40,0x40,0x40,0x7E,0x00,0x00},  /* U+0114 */
    {0x00,0x00,0x42,0x42,0x3C,0x00,0x3C,0x42,0x42,0x7E,0x40,0x40,0x42,0x3C,0x00,0x00},  /* U+0115 */
    {0x10,0x10,0x00,0x00,0x7E,0x40,0x40,0x40,0x7C,0x40,0x40,0x40,0x40,0x7E,0x00,0x00},  /* U+0116 */
    {0x00,0x00,0x10,0x10,0x00,0x00,0x3C,0x42,0x42,0x7E,0x40,0x40,0x42,0x3C,0x00,0x00},  /* U+0117 */
    {0x00,0x00,0x00,0x00,0x7E,0x40,0x40,0x40,0x7C,0x40,0x40,0x40,0x40,0x7E,0x08,0x06},  /* U+0118 */
    {0x00,0x00,0x00,0x00,0x00,0x00,0x3C,0x42,0x42,0x7E,0x40,0x40,0x42,0x3C,0x10,0x0C},  /* U+0119 */
    {0x24,0x18,0x00,0x00,0x7E,0x40,0x40,0x40,0x7C,0x40,0x40,0x40,0x40,0x7E,0x00,0x00},  /* U+011A */
    {0x00,0x00,0x24,0x18,0x00,0x00,0x3C,0x42,0x42,0x7E,0x40,0x40,0x42,0x3C,0x00,0x00},  /* U+011B */
    {0x18,0x24,0x00,0x00,0x3C,0x42,0x42,0x40,0x40,0x4E,0x42,0x42,0x46,0x3A,0x00,0x00},  /* U+011C */
    {0x00,0x00,0x18,0x24,0x00,0x02,0x3A,0x44,0x44,0x44,0x38,0x20,0x3C,0x42,0x42,0x3C},  /* U+011D */
    {0x42,0x42,0x3C,0x00,0x3C,0x42,0x42,0x40,0x40,0x4E,0x42,0x42,0x46,0x3A,0x00,0x00},  /* U+011E */
    {0x00,0x42,0x42,0x3C,0x00,0x02,0x3A,0x44,0x44,0x44,0x38,0x20,0x3C,0x42,0x42,0x3C},  /* U+011F */
    {0x10,0x10,0x00,0x00,0x3C,0x42,0x42,0x40,0x40,0x4E,0x42,0x42,0x46,0x3A,0x00,0x00},  /* U+0120 */
    {0x00,0x00,0x10,0x10,0x00,0x02,0x3A,0x44,0x44,0x44,0x38,0x20,0x3C,0x42,0x42,0x3C},  /* U+0121 */
    {0x00,0x00,0x00,0x00,0x3C,0x42,0x42,0x40,0x40,0x4E,0x42,0x42,0x46,0x3A,0x08,0x30},  /* U+0122 */
    {0x00,0x00,0x20,0x20,0x18,0x02,0x3A,0x44,0x44,0x44,0x38,0x20,0x3C,0x42,0x42,0x3C},  /* U+0123 */
    {0x18,0x24,0x00,0x00,0x42,0x42,0x42,0x42,0x7E,0x42,0x42,0x42,0x42,0x42,0x00,0x00},  /* U+0124 */
    {0x30,0x48,0x00,0x40,0x40,0x40,0x5C,0x62,0x42,0x42,0x42,0x42,0x42,0x42,0x00,0x00},  /* U+0125 */
    {0x00,0x00,0x00,0x00,0x42,0x42,0xFF,0x42,0x42,0x7E,0x42,0x42,0x42,0x42,0x00,0x00},  /* U+0126 */
    {0x00,0x00,0x00,0x40,0xF0,0x40,0x5C,0x62,0x42,0x42,0x42,0x42,0x42,0x42,0x00,0x00},  /* U+0127 */
    {0x32,0x4C,0x00,0x00,0x3E,0x08,0x08,0x08,0x08,0x08,0x08,0x08,0x08,0x3E,0x00,0x00},  /* U+0128 */
    {0x00,0x00,0x32,0x4C,0x00,0x00,0x18,0x08,0x08,0x08,0x08,0x08,0x08,0x3E,0x00,0x00},  /* U+0129 */
    {0x00,0x3C,0x00,0x00,0x3E,0x08,0x08,0x08,0x08,0x08,0x08,0x08,0x08,0x3E,0x00,0x00},  /* U+012A */
    {0x00,0x00,0x00,0x3C,0x00,0x00,0x18,0x08,0x08,0x08,0x08,0x08,0x08,0x3E,0x00,0x00},  /* U+012B */
    {0x42,0x42,0x3C,0x00,0x3E,0x08,0x08,0x08,0x08,0x08,0x08,0x08,0x08,0x3E,0x00,0x00},  /* U+012C */
    {0x00,0x00,0x42,0x42,0x3C,0x00,0x18,0x08,0x08,0x08,0x08,0x08,0x08,0x3E,0x00,0x00},  /* U+012D */
    {0x00,0x00,0x00,0x00,0x3E,0x08,0x08,0x08,0x08,0x08,0x08,0x08,0x08,0x3E,0x08,0x06},  /* U+012E */
    {0x00,0x00,0x00,0x08,0x08,0x00,0x18,0x08,0x08,0x08,0x08,0x08,0x08,0x3E,0x08,0x06},  /* U+012F */
    {0x08,0x08,0x00,0x00,0x3E,0x08,0x08,0x08,0x08,0x08,0x08,0x08,0x08,0x3E,0x00,0x00},  /* U+0130 */
    {0x00,0x00,0x00,0x00,0x00,0x00,0x18,0x08,0x08,0x08,0x08,0x08,0x08,0x3E,0x00,0x00},  /* U+0131 */
    {0x00,0x00,0x00,0x00,0x77,0x22,0x22,0x22,0x22,0x22,0x22,0x72,0x02,0x1C,0x00,0x00},  /* U+0132 */
    {0x00,0x00,0x00,0x22,0x22,0x00,0x66,0x22,0x22,0x22,0x22,0x72,0x02,0x02,0x24,0x18},  /* U+0133 */
    {0x0C,0x12,0x00,0x00,0x1F,0x04,0x04,0x04,0x04,0x04,0x04,0x44,0x44,0x38,0x00,0x00},  /* U+0134 */
    {0x00,0x00,0x0C,0x12,0x00,0x00,0x0C,0x04,0x04,0x04,0x04,0x04,0x04,0x04,0x48,0x30},  /* U+0135 */
    {0x00,0x00,0x00,0x00,0x42,0x44,0x48,0x50,0x60,0x60,0x50,0x48,0x44,0x42,0x20,0xC0},  /* U+0136 */
    {0x00,0x00,0x00,0x40,0x40,0x40,0x44,0x48,0x50,0x60,0x50,0x48,0x44,0x42,0x20,0xC0},  /* U+0137 */
    {0x00,0x00,0x00,0x00,0x00,0x00,0x42,0x44,0x48,0x70,0x70,0x48,0x44,0x42,0x00,0x00},  /* U+0138 */
    {0x18,0x60,0x00,0x00,0x40,0x40,0x40,0x40,0x40,0x40,0x40,0x40,0x40,0x7E,0x00,0x00},  /* U+0139 */
    {0x0C,0x30,0x00,0x18,0x08,0x08,0x08,0x08,0x08,0x08,0x08,0x08,0x08,0x3E,0x00,0x00},  /* U+013A */
    {0x00,0x00,0x00,0x00,0x40,0x40,0x40,0x40,0x40,0x40,0x40,0x40,0x40,0x7E,0x08,0x30},  /* U+013B */
    {0x00,0x00,0x00,0x18,0x08,0x08,0x08,0x08,0x08,0x08,0x08,0x08,0x08,0x3E,0x08,0x30},  /* U+013C */
    {0x00,0x00,0x00,0x00,0x4C,0x44,0x44,0x48,0x40,0x40,0x40,0x40,0x40,0x7E,0x00,0x00},  /* U+013D */
    {0x00,0x00,0x00,0x36,0x12,0x12,0x14,0x10,0x10,0x10,0x10,0x10,0x10,0x7C,0x00,0x00},  /* U+013E */
    {0x00,0x00,0x00,0x00,0x40,0x40,0x40,0x40,0x44,0x44,0x40,0x40,0x40,0x7E,0x00,0x00},  /* U+013F */
    {0x00,0x00,0x00,0x30,0x10,0x10,0x10,0x10,0x14,0x14,0x10,0x10,0x10,0x7C,0x00,0x00},  /* U+0140 */
    {0x00,0x00,0x00,0x00,0x40,0x40,0x48,0x50,0x60,0xC0,0x40,0x40,0x40,0x7E,0x00,0x00},  /* U+0141 */
    {0x00,0x00,0x00,0x18,0x08,0x08,0x0A,0x0C,0x18,0x28,0x08,0x08,0x08,0x3E,0x00,0x00},  /* U+0142 */
    {0x0C,0x30,0x00,0x00,0x42,0x62,0x62,0x52,0x52,0x4A,0x4A,0x46,0x46,0x42,0x00,0x00},  /* U+0143 */
    {0x00,0x00,0x0C,0x30,0x00,0x00,0x5C,0x62,0x42,0x42,0x42,0x42,0x42,0x42,0x00,0x00},  /* U+0144 */
    {0x00,0x00,0x00,0x00,0x42,0x62,0x62,0x52,0x52,0x4A,0x4A,0x46,0x46,0x42,0x20,0xC0},  /* U+0145 */
    {0x00,0x00,0x00,0x00,0x00,0x00,0x5C,0x62,0x42,0x42,0x42,0x42,0x42,0x42,0x20,0xC0},  /* U+0146 */
    {0x24,0x18,0x00,0x00,0x42,0x62,0x62,0x52,0x52,0x4A,0x4A,0x46,0x46,0x42,0x00,0x00},  /* U+0147 */
    {0x00,0x00,0x24,0x18,0x00,0x00,0x5C,0x62,0x42,0x42,0x42,0x42,0x42,0x42,0x00,0x00},  /* U+0148 */
    {0x00,0x60,0x20,0x20,0x40,0x00,0x5C,0x62,0x42,0x42,0x42,0x42,0x42,0x42,0x00,0x00},  /* U+0149 */
    {0x00,0x00,0x00,0x00,0x5C,0x62,0x42,0x42,0x42,0x42,0x42,0x42,0x42,0x4C,0x00,0x00},  /* U+014A */
    {0x00,0x00,0x00,0x00,0x00,0x00,0x5C,0x62,0x42,0x42,0x42,0x42,0x42,0x42,0x02,0x0C},  /* U+014B */
    {0x00,0x3C,0x00,0x00,0x3C,0x42,0x42,0x42,0x42,0x42,0x42,0x42,0x42,0x3C,0x00,0x00},  /* U+014C */
    {0x00,0x00,0x00,0x3C,0x00,0x00,0x3C,0x42,0x42,0x42,0x42,0x42,0x42,0x3C,0x00,0x00},  /* U+014D */
    {0x42,0x42,0x3C,0x00,0x3C,0x42,0x42,0x42,0x42,0x42,0x42,0x42,0x42,0x3C,0x00,0x00},  /* U+014E */
    {0x00,0x00,0x42,0x42,0x3C,0x00,0x3C,0x42,0x42,0x42,0x42,0x42,0x42,0x3C,0x00,0x00},  /* U+014F */
    {0x33,0x44,0x00,0x00,0x3C,0x42,0x42,0x42,0x42,0x42,0x42,0x42,0x42,0x3C,0x00,0x00},  /* U+0150 */
    {0x00,0x00,0x33,0x44,0x00,0x00,0x3C,0x42,0x42,0x42,0x42,0x42,0x42,0x3C,0x00,0x00},  /* U+0151 */
    {0x00,0x00,0x00,0x00,0x37,0x48,0x48,0x48,0x4E,0x48,0x48,0x48,0x48,0x37,0x00,0x00},  /* U+0152 */
    {0x00,0x00,0x00,0x00,0x00,0x00,0x36,0x49,0x49,0x4F,0x48,0x48,0x49,0x36,0x00,0x00},  /* U+0153 */
    {0x0C,0x30,0x00,0x00,0x7C,0x42,0x42,0x42,0x7C,0x48,0x44,0x44,0x42,0x42,0x00,0x00},  /* U+0154 */
    {0x00,0x00,0x0C,0x30,0x00,0x00,0x5C,0x62,0x42,0x40,0x40,0x40,0x40,0x40,0x00,0x00},  /* U+0155 */
    {0x00,0x00,0x00,0x00,0x7C,0x42,0x42,0x42,0x7C,0x48,0x44,0x44,0x42,0x42,0x20,0xC0},  /* U+0156 */
    {0x00,0x00,0x00,0x00,0x00,0x00,0x5C,0x62,0x42,0x40,0x40,0x40,0x40,0x40,0x20,0xC0},  /* U+0157 */
    {0x24,0x18,0x00,0x00,0x7C,0x42,0x42,0x42,0x7C,0x48,0x44,0x44,0x42,0x42,0x00,0x00},  /* U+0158 */
    {0x00,0x00,0x24,0x18,0x00,0x00,0x5C,0x62,0x42,0x40,0x40,0x40,0x40,0x40,0x00,0x00},  /* U+0159 */
    {0x0C,0x30,0x00,0x00,0x3C,0x42,0x42,0x40,0x30,0x0C,0x02,0x42,0x42,0x3C,0x00,0x00},  /* U+015A */
    {0x00,0x00,0x0C,0x30,0x00,0x00,0x3C,0x42,0x40,0x30,0x0C,0x42,0x42,0x3C,0x00,0x00},  /* U+015B */
    {0x18,0x24,0x00,0x00,0x3C,0x42,0x42,0x40,0x30,0x0C,0x02,0x42,0x42,0x3C,0x00,0x00},  /* U+015C */
    {0x00,0x00,0x18,0x24,0x00,0x00,0x3C,0x42,0x40,0x30,0x0C,0x02,0x42,0x3C,0x00,0x00},  /* U+015D */
    {0x00,0x00,0x00,0x00,0x3C,0x42,0x42,0x40,0x30,0x0C,0x02,0x42,0x42,0x3C,0x08,0x30},  /* U+015E */
    {0x00,0x00,0x00,0x00,0x00,0x00,0x3C,0x42,0x40,0x30,0x0C,0x02,0x42,0x3C,0x08,0x30},  /* U+015F */
    {0x24,0x18,0x00,0x00,0x3C,0x42,0x42,0x40,0x30,0x0C,0x02,0x42,0x42,0x3C,0x00,0x00},  /* U+0160 */
    {0x00,0x00,0x24,0x18,0x00,0x00,0x3C,0x42,0x40,0x30,0x0C,0x02,0x42,0x3C,0x00,0x00},  /* U+0161 */
    {0x00,0x00,0x00,0x00,0x7F,0x08,0x08,0x08,0x08,0x08,0x08,0x08,0x08,0x08,0x08,0x30},  /* U+0162 */
    {0x00,0x00,0x00,0x00,0x10,0x10,0x10,0x7C,0x10,0x10,0x10,0x10,0x10,0x0C,0x08,0x30},  /* U+0163 */
    {0x24,0x18,0x00,0x00,0x7F,0x08,0x08,0x08,0x08,0x08,0x08,0x08,0x08,0x08,0x00,0x00},  /* U+0164 */
    {0x00,0x00,0x06,0x02,0x22,0x24,0x20,0xF8,0x20,0x20,0x20,0x20,0x20,0x18,0x00,0x00},  /* U+0165 */
    {0x00,0x00,0x00,0x00,0x7F,0x08,0x08,0x08,0x3E,0x08,0x08,0x08,0x08,0x08,0x00,0x00},  /* U+0166 */
    {0x00,0x00,0x00,0x00,0x10,0x10,0x10,0x7C,0x10,0x10,0x7C,0x10,0x10,0x0C,0x00,0x00},  /* U+0167 */
    {0x32,0x4C,0x00,0x00,0x42,0x42,0x42,0x42,0x42,0x42,0x42,0x42,0x42,0x3C,0x00,0x00},  /* U+0168 */
    {0x00,0x00,0x32,0x4C,0x00,0x00,0x42,0x42,0x42,0x42,0x42,0x42,0x46,0x3A,0x00,0x00},  /* U+0169 */
    {0x00,0x3C,0x00,0x00,0x42,0x42,0x42,0x42,0x42,0x42,0x42,0x42,0x42,0x3C,0x00,0x00},  /* U+016A */
    {0x00,0x00,0x00,0x3C,0x00,0x00,0x42,0x42,0x42,0x42,0x42,0x42,0x46,0x3A,0x00,0x00},  /* U+016B */
    {0x42,0x42,0x3C,0x00,0x42,0x42,0x42,0x42,0x42,0x42,0x42,0x42,0x42,0x3C,0x00,0x00},  /* U+016C */
    {0x00,0x42,0x42,0x3C,0x00,0x00,0x42,0x42,0x42,0x42,0x42,0x42,0x46,0x3A,0x00,0x00},  /* U+016D */
    {0x18,0x24,0x18,0x00,0x42,0x42,0x42,0x42,0x42,0x42,0x42,0x42,0x42,0x3C,0x00,0x00},  /* U+016E */
    {0x00,0x00,0x18,0x24,0x18,0x00,0x42,0x42,0x42,0x42,0x42,0x42,0x46,0x3A,0x00,0x00},  /* U+016F */
    {0x33,0x44,0x00,0x00,0x42,0x42,0x42,0x42,0x42,0x42,0x42,0x42,0x42,0x3C,0x00,0x00},  /* U+0170 */
    {0x00,0x00,0x33,0x44,0x00,0x00,0x42,0x42,0x42,0x42,0x42,0x42,0x46,0x3A,0x00,0x00},  /* U+0171 */
    {0x00,0x00,0x00,0x00,0x42,0x42,0x42,0x42,0x42,0x42,0x42,0x42,0x42,0x3C,0x10,0x0C},  /* U+0172 */
    {0x00,0x00,0x00,0x00,0x00,0x00,0x42,0x42,0x42,0x42,0x42,0x42,0x46,0x3A,0x04,0x03},  /* U+0173 */
    {0x18,0x24,0x00,0x00,0x42,0x42,0x42,0x42,0x5A,0x5A,0x66,0x66,0x42,0x42,0x00,0x00},  /* U+0174 */
    {0x00,0x00,0x18,0x24,0x00,0x00,0x41,0x49,0x49,0x49,0x49,0x49,0x49,0x36,0x00,0x00},  /* U+0175 */
    {0x18,0x24,0x00,0x00,0x41,0x41,0x22,0x22,0x14,0x08,0x08,0x08,0x08,0x08,0x00,0x00},  /* U+0176 */
    {0x00,0x00,0x18,0x24,0x00,0x00,0x42,0x42,0x42,0x42,0x42,0x26,0x1A,0x02,0x02,0x3C},  /* U+0177 */
    {0x24,0x24,0x00,0x00,0x41,0x41,0x22,0x22,0x14,0x08,0x08,0x08,0x08,0x08,0x00,0x00},  /* U+0178 */
    {0x0C,0x30,0x00,0x00,0x7E,0x02,0x02,0x04,0x08,0x10,0x20,0x40,0x40,0x7E,0x00,0x00},  /* U+0179 */
    {0x00,0x00,0x0C,0x30,0x00,0x00,0x7E,0x02,0x04,0x08,0x10,0x20,0x40,0x7E,0x00,0x00},  /* U+017A */
    {0x10,0x10,0x00,0x00,0x7E,0x02,0x02,0x04,0x08,0x10,0x20,0x40,0x40,0x7E,0x00,0x00},  /* U+017B */
    {0x00,0x00,0x10,0x10,0x00,0x00,0x7E,0x02,0x04,0x08,0x10,0x20,0x40,0x7E,0x00,0x00},  /* U+017C */
    {0x24,0x18,0x00,0x00,0x7E,0x02,0x02,0x04,0x08,0x10,0x20,0x40,0x40,0x7E,0x00,0x00},  /* U+017D */
    {0x00,0x00,0x24,0x18,0x00,0x00,0x7E,0x02,0x04,0x08,0x10,0x20,0x40,0x7E,0x00,0x00},  /* U+017E */
    {0x00,0x00,0x00,0x0C,0x10,0x10,0x10,0x70,0x10,0x10,0x10,0x10,0x10,0x10,0x00,0x00},  /* U+017F */
    {0x00,0x00,0x00,0x40,0xF0,0x40,0x5C,0x62,0x42,0x42,0x42,0x42,0x62,0x5C,0x00,0x00},  /* U+0180 */
    {0x00,0x00,0x00,0x00,0x7C,0xA2,0xA2,0x22,0x3C,0x22,0x22,0x22,0x22,0x3C,0x00,0x00},  /* U+0181 */
    {0x00,0x00,0x00,0x00,0x7E,0x40,0x40,0x40,0x7C,0x42,0x42,0x42,0x42,0x7C,0x00,0x00},  /* U+0182 */
    {0x00,0x00,0x00,0x7C,0x40,0x40,0x5C,0x62,0x42,0x42,0x42,0x42,0x62,0x5C,0x00,0x00},  /* U+0183 */
    {0x00,0x00,0x00,0x00,0x60,0x20,0x20,0x20,0x3C,0x22,0x22,0x22,0x22,0x3C,0x00,0x00},  /* U+0184 */
    {0x00,0x00,0x00,0x00,0x00,0x00,0x60,0x20,0x20,0x20,0x3C,0x22,0x22,0x3C,0x00,0x00},  /* U+0185 */
    {0x00,0x00,0x00,0x00,0x3C,0x42,0x42,0x02,0x02,0x02,0x02,0x42,0x42,0x3C,0x00,0x00},  /* U+0186 */
    {0x00,0x00,0x03,0x04,0x3C,0x44,0x44,0x40,0x40,0x40,0x40,0x44,0x44,0x38,0x00,0x00},  /* U+0187 */
    {0x00,0x00,0x00,0x00,0x03,0x04,0x3C,0x44,0x40,0x40,0x40,0x40,0x44,0x38,0x00,0x00},  /* U+0188 */
    {0x00,0x00,0x00,0x00,0x78,0x44,0x42,0x42,0xF2,0x42,0x42,0x42,0x44,0x78,0x00,0x00},  /* U+0189 */
    {0x00,0x00,0x00,0x00,0x78,0xA4,0xA2,0x22,0x22,0x22,0x22,0x22,0x24,0x38,0x00,0x00},  /* U+018A */
    {0x00,0x00,0x00,0x00,0x7E,0x02,0x02,0x02,0x3E,0x42,0x42,0x42,0x42,0x3E,0x00,0x00},  /* U+018B */
    {0x00,0x00,0x00,0x3E,0x02,0x02,0x3A,0x46,0x42,0x42,0x42,0x42,0x46,0x3A,0x00,0x00},  /* U+018C */
    {0x00,0x00,0x00,0x00,0x00,0x00,0x3C,0x42,0x42,0x42,0x42,0x24,0x18,0x04,0x04,0x38},  /* U+018D */
    {0x00,0x00,0x00,0x00,0x7E,0x02,0x02,0x02,0x3E,0x02,0x02,0x02,0x02,0x7E,0x00,0x00},  /* U+018E */
    {0x00,0x00,0x00,0x00,0x18,0x24,0x42,0x02,0x02,0x7E,0x42,0x42,0x24,0x18,0x00,0x00},  /* U+018F */
    {0x00,0x00,0x00,0x00,0x3C,0x42,0x42,0x40,0x38,0x40,0x40,0x42,0x42,0x3C,0x00,0x00},  /* U+0190 */
    {0x00,0x00,0x00,0x00,0x1F,0x10,0x10,0x10,0x1E,0x10,0x10,0x10,0x10,0x10,0x60,0x00},  /* U+0191 */
    {0x00,0x00,0x00,0x0C,0x10,0x10,0x10,0x7C,0x10,0x10,0x10,0x10,0x10,0x10,0x60,0x00},  /* U+0192 */
    {0x00,0x00,0x00,0x03,0x3C,0x44,0x44,0x40,0x40,0x5C,0x44,0x44,0x4C,0x34,0x00,0x00},  /* U+0193 */
    {0x00,0x00,0x00,0x00,0x42,0x42,0x42,0x24,0x24,0x18,0x18,0x24,0x24,0x18,0x00,0x00},  /* U+0194 */
    {0x00,0x00,0x00,0x40,0x40,0x40,0x40,0x72,0x4A,0x4A,0x4A,0x4A,0x4A,0x44,0x00,0x00},  /* U+0195 */
    {0x00,0x00,0x00,0x00,0x38,0x08,0x08,0x08,0x08,0x08,0x08,0x08,0x08,0x06,0x00,0x00},  /* U+0196 */
    {0x00,0x00,0x00,0x00,0x3E,0x08,0x08,0x08,0x3E,0x08,0x08,0x08,0x08,0x3E,0x00,0x00},  /* U+0197 */
    {0x00,0x00,0x00,0x00,0x46,0x4A,0x50,0x50,0x60,0x60,0x50,0x48,0x44,0x42,0x00,0x00},  /* U+0198 */
    {0x00,0x00,0x00,0x30,0x48,0x40,0x44,0x48,0x50,0x60,0x50,0x48,0x44,0x42,0x00,0x00},  /* U+0199 */
    {0x00,0x00,0x00,0x18,0x08,0x08,0x08,0x3E,0x08,0x08,0x08,0x08,0x08,0x3E,0x00,0x00},  /* U+019A */
    {0x00,0x00,0x00,0x00,0x24,0x28,0x10,0x30,0x48,0x18,0x24,0x24,0x42,0x42,0x00,0x00},  /* U+019B */
    {0x00,0x00,0x00,0x00,0x49,0x49,0x49,0x49,0x49,0x49,0x49,0x49,0x49,0x37,0x00,0x00},  /* U+019C */
    {0x00,0x00,0x00,0x00,0x22,0x22,0x32,0x32,0x2A,0x2A,0x26,0x26,0x22,0x22,0xC0,0x00},  /* U+019D */
    {0x00,0x00,0x00,0x00,0x00,0x00,0x5C,0x62,0x42,0x42,0x42,0x42,0x42,0x42,0x02,0x02},  /* U+019E */
    {0x00,0x00,0x00,0x00,0x3C,0x42,0x42,0x42,0x7E,0x42,0x42,0x42,0x42,0x3C,0x00,0x00},  /* U+019F */
    {0x00,0x00,0x00,0x02,0x3A,0x44,0x44,0x44,0x44,0x44,0x44,0x44,0x44,0x38,0x00,0x00},  /* U+01A0 */
    {0x00,0x00,0x00,0x00,0x00,0x02,0x3A,0x44,0x44,0x44,0x44,0x44,0x44,0x38,0x00,0x00},  /* U+01A1 */
    {0x00,0x00,0x00,0x00,0x36,0x4A,0x4A,0x4A,0x4A,0x4A,0x4A,0x4A,0x4A,0x32,0x02,0x02},  /* U+01A2 */
    {0x00,0x00,0x00,0x00,0x00,0x00,0x36,0x4A,0x4A,0x4A,0x4A,0x4A,0x4A,0x32,0x02,0x02},  /* U+01A3 */
    {0x00,0x00,0x00,0x00,0x3E,0x51,0x51,0x11,0x1E,0x10,0x10,0x10,0x10,0x10,0x00,0x00},  /* U+01A4 */
    {0x00,0x00,0x00,0x00,0x00,0x03,0x5C,0x64,0x44,0x44,0x44,0x44,0x64,0x58,0x40,0x40},  /* U+01A5 */
    {0x00,0x00,0x00,0x00,0x70,0x20,0x3C,0x22,0x22,0x3C,0x28,0x24,0x22,0x21,0x00,0x00},  /* U+01A6 */
    {0x00,0x00,0x00,0x00,0x3C,0x42,0x42,0x02,0x0C,0x30,0x40,0x42,0x42,0x3C,0x00,0x00},  /* U+01A7 */
    {0x00,0x00,0x00,0x00,0x00,0x00,0x3C,0x42,0x02,0x0C,0x30,0x40,0x42,0x3C,0x00,0x00},  /* U+01A8 */
    {0x00,0x00,0x00,0x00,0x7E,0x40,0x20,0x10,0x08,0x08,0x10,0x20,0x40,0x7E,0x00,0x00},  /* U+01A9 */
    {0x00,0x00,0x00,0x20,0x50,0x50,0x30,0x10,0x10,0x10,0x10,0x10,0x10,0x10,0x0C,0x00},  /* U+01AA */
    {0x00,0x00,0x00,0x00,0x10,0x10,0x10,0x7C,0x10,0x10,0x10,0x10,0x10,0x0C,0x04,0x18},  /* U+01AB */
    {0x00,0x00,0x00,0x00,0x3F,0x48,0x48,0x08,0x08,0x08,0x08,0x08,0x08,0x08,0x00,0x00},  /* U+01AC */
    {0x00,0x00,0x00,0x0C,0x10,0x10,0x10,0x7C,0x10,0x10,0x10,0x10,0x10,0x0C,0x00,0x00},  /* U+01AD */
    {0x00,0x00,0x00,0x00,0x7F,0x08,0x08,0x08,0x08,0x08,0x08,0x08,0x08,0x08,0x06,0x00},  /* U+01AE */
    {0x00,0x00,0x01,0x01,0x46,0x44,0x44,0x44,0x44,0x44,0x44,0x44,0x44,0x38,0x00,0x00},  /* U+01AF */
    {0x00,0x00,0x00,0x00,0x01,0x01,0x46,0x44,0x44,0x44,0x44,0x44,0x4C,0x34,0x00,0x00},  /* U+01B0 */
    {0x00,0x00,0x00,0x00,0x42,0x24,0x24,0x42,0x42,0x42,0x42,0x42,0x24,0x18,0x00,0x00},  /* U+01B1 */
    {0x00,0x00,0x00,0x00,0x4C,0x42,0x42,0x42,0x42,0x42,0x42,0x44,0x48,0x30,0x00,0x00},  /* U+01B2 */
    {0x00,0x00,0x00,0x00,0x46,0x45,0x44,0x28,0x28,0x10,0x10,0x10,0x10,0x10,0x00,0x00},  /* U+01B3 */
    {0x00,0x00,0x00,0x00,0x00,0x03,0x44,0x44,0x44,0x44,0x44,0x24,0x1C,0x04,0x04,0x38},  /* U+01B4 */
    {0x00,0x00,0x00,0x00,0x7E,0x02,0x04,0x08,0x3C,0x10,0x20,0x40,0x40,0x7E,0x00,0x00},  /* U+01B5 */
    {0x00,0x00,0x00,0x00,0x00,0x00,0x7E,0x04,0x08,0x3C,0x10,0x20,0x40,0x7E,0x00,0x00},  /* U+01B6 */
    {0x00,0x00,0x00,0x00,0x7E,0x04,0x08,0x10,0x1C,0x02,0x02,0x02,0x46,0x3C,0x00,0x00},  /* U+01B7 */
    {0x00,0x00,0x00,0x00,0x7E,0x20,0x10,0x08,0x38,0x40,0x40,0x40,0x62,0x3C,0x00,0x00},  /* U+01B8 */
    {0x00,0x00,0x00,0x00,0x00,0x00,0x7C,0x20,0x10,0x08,0x38,0x40,0x40,0x40,0x42,0x3C},  /* U+01B9 */
    {0x00,0x00,0x00,0x00,0x00,0x00,0x3E,0x04,0x08,0x1C,0x02,0x02,0x3C,0x40,0x42,0x3C},  /* U+01BA */
    {0x00,0x00,0x00,0x00,0x3C,0x42,0x42,0x04,0x08,0x7E,0x20,0x40,0x40,0x7E,0x00,0x00},  /* U+01BB */
    {0x00,0x00,0x00,0x00,0x7E,0x20,0x20,0x20,0x3C,0x02,0x02,0x02,0x42,0x3C,0x00,0x00},  /* U+01BC */
    {0x00,0x00,0x00,0x00,0x00,0x00,0x7E,0x20,0x20,0x3C,0x02,0x02,0x42,0x3C,0x00,0x00},  /* U+01BD */
    {0x00,0x00,0x00,0x00,0x10,0x10,0x7C,0x10,0x10,0x18,0x04,0x04,0x44,0x38,0x00,0x00},  /* U+01BE */
    {0x00,0x00,0x00,0x00,0x00,0x00,0x5C,0x62,0x42,0x42,0x44,0x48,0x50,0x60,0x40,0x40},  /* U+01BF */
    {0x00,0x00,0x00,0x10,0x10,0x10,0x10,0x10,0x10,0x10,0x10,0x10,0x10,0x10,0x00,0x00},  /* U+01C0 */
    {0x00,0x00,0x00,0x28,0x28,0x28,0x28,0x28,0x28,0x28,0x28,0x28,0x28,0x28,0x00,0x00},  /* U+01C1 */
    {0x00,0x00,0x00,0x10,0x10,0x10,0x10,0x7C,0x10,0x7C,0x10,0x10,0x10,0x10,0x00,0x00},  /* U+01C2 */
    {0x00,0x00,0x00,0x00,0x08,0x08,0x08,0x08,0x08,0x08,0x08,0x00,0x08,0x08,0x00,0x00},  /* U+01C3 */
    {0x05,0x02,0x00,0x00,0x67,0x51,0x51,0x51,0x52,0x52,0x54,0x54,0x54,0x67,0x00,0x00},  /* U+01C4 */
    {0x00,0x00,0x05,0x02,0x60,0x50,0x57,0x51,0x51,0x52,0x52,0x54,0x54,0x67,0x00,0x00},  /* U+01C5 */
    {0x00,0x00,0x05,0x12,0x10,0x10,0x37,0x51,0x51,0x52,0x52,0x54,0x54,0x37,0x00,0x00},  /* U+01C6 */
    {0x00,0x00,0x00,0x00,0x47,0x41,0x41,0x41,0x41,0x41,0x41,0x49,0x49,0x76,0x00,0x00},  /* U+01C7 */
    {0x00,0x00,0x00,0x01,0x41,0x40,0x43,0x41,0x41,0x41,0x41,0x41,0x41,0x79,0x02,0x0C},  /* U+01C8 */
    {0x00,0x00,0x00,0x61,0x21,0x20,0x23,0x21,0x21,0x21,0x21,0x21,0x21,0xF9,0x02,0x0C},  /* U+01C9 */
    {0x00,0x00,0x00,0x00,0x4B,0x49,0x49,0x69,0x69,0x59,0x59,0x4D,0x4D,0x4A,0x00,0x00},  /* U+01CA */
    {0x00,0x00,0x00,0x01,0x49,0x48,0x6B,0x69,0x69,0x59,0x59,0x59,0x49,0x49,0x12,0x0C},  /* U+01CB */
    {0x00,0x00,0x00,0x01,0x01,0x00,0x53,0x69,0x49,0x49,0x49,0x49,0x49,0x49,0x12,0x0C},  /* U+01CC */
    {0x24,0x18,0x00,0x00,0x18,0x24,0x24,0x42,0x42,0x7E,0x42,0x42,0x42,0x42,0x00,0x00},  /* U+01CD */
    {0x00,0x00,0x24,0x18,0x00,0x00,0x3C,0x42,0x02,0x3E,0x42,0x42,0x46,0x3A,0x00,0x00},  /* U+01CE */
    {0x24,0x18,0x00,0x00,0x3E,0x08,0x08,0x08,0x08,0x08,0x08,0x08,0x08,0x3E,0x00,0x00},  /* U+01CF */
    {0x00,0x00,0x24,0x18,0x00,0x00,0x18,0x08,0x08,0x08,0x08,0x08,0x08,0x3E,0x00,0x00},  /* U+01D0 */
    {0x24,0x18,0x00,0x00,0x3C,0x42,0x42,0x42,0x42,0x42,0x42,0x42,0x42,0x3C,0x00,0x00},  /* U+01D1 */
    {0x00,0x00,0x24,0x18,0x00,0x00,0x3C,0x42,0x42,0x42,0x42,0x42,0x42,0x3C,0x00,0x00},  /* U+01D2 */
    {0x24,0x18,0x00,0x00,0x42,0x42,0x42,0x42,0x42,0x42,0x42,0x42,0x42,0x3C,0x00,0x00},  /* U+01D3 */
    {0x00,0x00,0x24,0x18,0x00,0x00,0x42,0x42,0x42,0x42,0x42,0x42,0x46,0x3A,0x00,0x00},  /* U+01D4 */
    {0x3C,0x00,0x24,0x00,0x42,0x42,0x42,0x42,0x42,0x42,0x42,0x42,0x42,0x3C,0x00,0x00},  /* U+01D5 */
    {0x00,0x3C,0x00,0x24,0x24,0x00,0x42,0x42,0x42,0x42,0x42,0x42,0x46,0x3A,0x00,0x00},  /* U+01D6 */
    {0x0C,0x30,0x00,0x24,0x00,0x42,0x42,0x42,0x42,0x42,0x42,0x42,0x42,0x3C,0x00,0x00},  /* U+01D7 */
    {0x0C,0x30,0x00,0x24,0x24,0x00,0x42,0x42,0x42,0x42,0x42,0x42,0x46,0x3A,0x00,0x00},  /* U+01D8 */
    {0x24,0x18,0x00,0x24,0x00,0x42,0x42,0x42,0x42,0x42,0x42,0x42,0x42,0x3C,0x00,0x00},  /* U+01D9 */
    {0x24,0x18,0x00,0x24,0x24,0x00,0x42,0x42,0x42,0x42,0x42,0x42,0x46,0x3A,0x00,0x00},  /* U+01DA */
    {0x30,0x0C,0x00,0x24,0x00,0x42,0x42,0x42,0x42,0x42,0x42,0x42,0x42,0x3C,0x00,0x00},  /* U+01DB */
    {0x30,0x0C,0x00,0x24,0x24,0x00,0x42,0x42,0x42,0x42,0x42,0x42,0x46,0x3A,0x00,0x00},  /* U+01DC */
    {0x00,0x00,0x00,0x00,0x00,0x00,0x3C,0x42,0x02,0x02,0x7E,0x42,0x42,0x3C,0x00,0x00},  /* U+01DD */
    {0x3C,0x00,0x24,0x00,0x18,0x24,0x24,0x42,0x42,0x7E,0x42,0x42,0x42,0x42,0x00,0x00},  /* U+01DE */
    {0x00,0x3C,0x00,0x24,0x24,0x00,0x3C,0x42,0x02,0x3E,0x42,0x42,0x46,0x3A,0x00,0x00},  /* U+01DF */
    {0x3C,0x00,0x18,0x00,0x18,0x24,0x24,0x42,0x42,0x7E,0x42,0x42,0x42,0x42,0x00,0x00},  /* U+01E0 */
    {0x00,0x3C,0x00,0x10,0x10,0x00,0x3C,0x42,0x02,0x3E,0x42,0x42,0x46,0x3A,0x00,0x00},  /* U+01E1 */
    {0x00,0x3C,0x00,0x00,0x1F,0x28,0x48,0x48,0x7F,0x48,0x48,0x48,0x48,0x4F,0x00,0x00},  /* U+01E2 */
    {0x00,0x00,0x00,0x3C,0x00,0x00,0x3E,0x49,0x09,0x3F,0x48,0x48,0x49,0x3E,0x00,0x00},  /* U+01E3 */
    {0x00,0x00,0x00,0x00,0x3C,0x42,0x42,0x40,0x40,0x4E,0x42,0x4F,0x42,0x3E,0x00,0x00},  /* U+01E4 */
    {0x00,0x00,0x00,0x00,0x00,0x02,0x3A,0x44,0x44,0x44,0x38,0x20,0x3C,0x4F,0x42,0x3C},  /* U+01E5 */
    {0x24,0x18,0x00,0x00,0x3C,0x42,0x42,0x40,0x40,0x4E,0x42,0x42,0x46,0x3A,0x00,0x00},  /* U+01E6 */
    {0x00,0x00,0x24,0x18,0x00,0x02,0x3A,0x44,0x44,0x44,0x38,0x20,0x3C,0x42,0x42,0x3C},  /* U+01E7 */
    {0x24,0x18,0x00,0x00,0x42,0x44,0x48,0x50,0x60,0x60,0x50,0x48,0x44,0x42,0x00,0x00},  /* U+01E8 */
    {0x24,0x18,0x00,0x40,0x40,0x40,0x44,0x48,0x50,0x60,0x50,0x48,0x44,0x42,0x00,0x00},  /* U+01E9 */
    {0x00,0x00,0x00,0x00,0x3C,0x42,0x42,0x42,0x42,0x42,0x42,0x42,0x42,0x3C,0x10,0x0C},  /* U+01EA */
    {0x00,0x00,0x00,0x00,0x00,0x00,0x3C,0x42,0x42,0x42,0x42,0x42,0x42,0x3C,0x10,0x0C},  /* U+01EB */
    {0x00,0x3C,0x00,0x00,0x3C,0x42,0x42,0x42,0x42,0x42,0x42,0x42,0x42,0x3C,0x10,0x0C},  /* U+01EC */
    {0x00,0x00,0x00,0x3C,0x00,0x00,0x3C,0x42,0x42,0x42,0x42,0x42,0x42,0x3C,0x10,0x0C},  /* U+01ED */
    {0x24,0x18,0x00,0x00,0x7E,0x04,0x08,0x10,0x1C,0x02,0x02,0x02,0x46,0x3C,0x00,0x00},  /* U+01EE */
    {0x00,0x00,0x24,0x18,0x00,0x00,0x3E,0x04,0x08,0x10,0x1C,0x02,0x02,0x02,0x42,0x3C},  /* U+01EF */
    {0x00,0x00,0x12,0x0C,0x00,0x00,0x0C,0x04,0x04,0x04,0x04,0x04,0x04,0x04,0x48,0x30},  /* U+01F0 */
    {0x00,0x00,0x00,0x00,0x67,0x51,0x51,0x51,0x52,0x52,0x54,0x54,0x54,0x67,0x00,0x00},  /* U+01F1 */
    {0x00,0x00,0x00,0x00,0x60,0x50,0x57,0x51,0x51,0x52,0x52,0x54,0x54,0x67,0x00,0x00},  /* U+01F2 */
    {0x00,0x00,0x00,0x10,0x10,0x10,0x37,0x51,0x51,0x52,0x52,0x54,0x54,0x37,0x00,0x00},  /* U+01F3 */
    {0x0C,0x30,0x00,0x00,0x3C,0x42,0x42,0x40,0x40,0x4E,0x42,0x42,0x46,0x3A,0x00,0x00},  /* U+01F4 */
    {0x00,0x00,0x0C,0x30,0x00,0x02,0x3A,0x44,0x44,0x44,0x38,0x20,0x3C,0x42,0x42,0x3C},  /* U+01F5 */
    {0x00,0x00,0x00,0x00,0x48,0x48,0x48,0x4A,0x7A,0x4A,0x4A,0x4A,0x4A,0x44,0x00,0x00},  /* U+01F6 */
    {0x00,0x00,0x00,0x00,0x5C,0x62,0x42,0x42,0x44,0x48,0x50,0x60,0x40,0x40,0x40,0x00},  /* U+01F7 */
    {0x00,0x30,0x0C,0x00,0x42,0x62,0x62,0x52,0x52,0x4A,0x4A,0x46,0x46,0x42,0x00,0x00},  /* U+01F8 */
    {0x00,0x00,0x00,0x30,0x0C,0x00,0x5C,0x62,0x42,0x42,0x42,0x42,0x42,0x42,0x00,0x00},  /* U+01F9 */
    {0x0C,0x30,0x18,0x24,0x18,0x18,0x24,0x24,0x42,0x7E,0x42,0x42,0x42,0x42,0x00,0x00},  /* U+01FA */
    {0x0C,0x30,0x00,0x18,0x24,0x18,0x00,0x3C,0x42,0x02,0x3E,0x42,0x46,0x3A,0x00,0x00},  /* U+01FB */
    {0x06,0x18,0x00,0x00,0x1F,0x28,0x48,0x48,0x7F,0x48,0x48,0x48,0x48,0x4F,0x00,0x00},  /* U+01FC */
    {0x00,0x00,0x06,0x18,0x00,0x00,0x3E,0x49,0x09,0x3F,0x48,0x48,0x49,0x3E,0x00,0x00},  /* U+01FD */
    {0x0C,0x30,0x00,0x02,0x3A,0x44,0x46,0x4A,0x4A,0x52,0x52,0x62,0x22,0x5C,0x40,0x00},  /* U+01FE */
    {0x00,0x00,0x0C,0x30,0x00,0x02,0x3C,0x46,0x4A,0x4A,0x52,0x52,0x62,0x3C,0x40,0x00},  /* U+01FF */
    {0xCC,0x22,0x00,0x00,0x18,0x24,0x24,0x42,0x42,0x7E,0x42,0x42,0x42,0x42,0x00,0x00},  /* U+0200 */
    {0x00,0x00,0xCC,0x22,0x00,0x00,0x3C,0x42,0x02,0x3E,0x42,0x42,0x46,0x3A,0x00,0x00},  /* U+0201 */
    {0x3C,0x42,0x42,0x00,0x18,0x24,0x24,0x42,0x42,0x7E,0x42,0x42,0x42,0x42,0x00,0x00},  /* U+0202 */
    {0x00,0x00,0x3C,0x42,0x42,0x00,0x3C,0x42,0x02,0x3E,0x42,0x42,0x46,0x3A,0x00,0x00},  /* U+0203 */
    {0xCC,0x22,0x00,0x00,0x7E,0x40,0x40,0x40,0x7C,0x40,0x40,0x40,0x40,0x7E,0x00,0x00},  /* U+0204 */
    {0x00,0x00,0xCC,0x22,0x00,0x00,0x3C,0x42,0x42,0x7E,0x40,0x40,0x42,0x3C,0x00,0x00},  /* U+0205 */
    {0x3C,0x42,0x42,0x00,0x7E,0x40,0x40,0x40,0x7C,0x40,0x40,0x40,0x40,0x7E,0x00,0x00},  /* U+0206 */
    {0x00,0x00,0x3C,0x42,0x42,0x00,0x3C,0x42,0x42,0x7E,0x40,0x40,0x42,0x3C,0x00,0x00},  /* U+0207 */
    {0xCC,0x22,0x00,0x00,0x3E,0x08,0x08,0x08,0x08,0x08,0x08,0x08,0x08,0x3E,0x00,0x00},  /* U+0208 */
    {0x00,0x00,0xCC,0x22,0x00,0x00,0x18,0x08,0x08,0x08,0x08,0x08,0x08,0x3E,0x00,0x00},  /* U+0209 */
    {0x3C,0x42,0x42,0x00,0x3E,0x08,0x08,0x08,0x08,0x08,0x08,0x08,0x08,0x3E,0x00,0x00},  /* U+020A */
    {0x00,0x00,0x3C,0x42,0x42,0x00,0x18,0x08,0x08,0x08,0x08,0x08,0x08,0x3E,0x00,0x00},  /* U+020B */
    {0xCC,0x22,0x00,0x00,0x3C,0x42,0x42,0x42,0x42,0x42,0x42,0x42,0x42,0x3C,0x00,0x00},  /* U+020C */
    {0x00,0x00,0xCC,0x22,0x00,0x00,0x3C,0x42,0x42,0x42,0x42,0x42,0x42,0x3C,0x00,0x00},  /* U+020D */
    {0x3C,0x42,0x42,0x00,0x3C,0x42,0x42,0x42,0x42,0x42,0x42,0x42,0x42,0x3C,0x00,0x00},  /* U+020E */
    {0x00,0x00,0x3C,0x42,0x42,0x00,0x3C,0x42,0x42,0x42,0x42,0x42,0x42,0x3C,0x00,0x00},  /* U+020F */
    {0xCC,0x22,0x00,0x00,0x7C,0x42,0x42,0x42,0x7C,0x48,0x44,0x44,0x42,0x42,0x00,0x00},  /* U+0210 */
    {0x00,0x00,0xCC,0x22,0x00,0x00,0x5C,0x62,0x42,0x40,0x40,0x40,0x40,0x40,0x00,0x00},  /* U+0211 */
    {0x3C,0x42,0x42,0x00,0x7C,0x42,0x42,0x42,0x7C,0x48,0x44,0x44,0x42,0x42,0x00,0x00},  /* U+0212 */
    {0x00,0x00,0x3C,0x42,0x42,0x00,0x5C,0x62,0x42,0x40,0x40,0x40,0x40,0x40,0x00,0x00},  /* U+0213 */
    {0xCC,0x22,0x00,0x00,0x42,0x42,0x42,0x42,0x42,0x42,0x42,0x42,0x42,0x3C,0x00,0x00},  /* U+0214 */
    {0x00,0x00,0xCC,0x22,0x00,0x00,0x42,0x42,0x42,0x42,0x42,0x42,0x46,0x3A,0x00,0x00},  /* U+0215 */
    {0x3C,0x42,0x42,0x00,0x42,0x42,0x42,0x42,0x42,0x42,0x42,0x42,0x42,0x3C,0x00,0x00},  /* U+0216 */
    {0x00,0x00,0x3C,0x42,0x42,0x00,0x42,0x42,0x42,0x42,0x42,0x42,0x46,0x3A,0x00,0x00},  /* U+0217 */
    {0x00,0x00,0x00,0x00,0x3C,0x42,0x42,0x40,0x30,0x0C,0x02,0x42,0x42,0x3C,0x08,0x10},  /* U+0218 */
    {0x00,0x00,0x00,0x00,0x00,0x00,0x3C,0x42,0x40,0x30,0x0C,0x02,0x42,0x3C,0x08,0x10},  /* U+0219 */
    {0x00,0x00,0x00,0x00,0x7F,0x08,0x08,0x08,0x08,0x08,0x08,0x08,0x08,0x08,0x02,0x04},  /* U+021A */
    {0x00,0x00,0x00,0x00,0x10,0x10,0x10,0x7C,0x10,0x10,0x10,0x10,0x10,0x0C,0x20,0x40},  /* U+021B */
    {0x00,0x00,0x00,0x00,0x3C,0x42,0x42,0x02,0x0C,0x34,0x02,0x02,0x02,0x0C,0x30,0x00},  /* U+021C */
    {0x00,0x00,0x00,0x00,0x00,0x00,0x3C,0x42,0x02,0x02,0x0C,0x32,0x02,0x02,0x0C,0x30},  /* U+021D */
    {0x00,0x24,0x18,0x00,0x42,0x42,0x42,0x42,0x7E,0x42,0x42,0x42,0x42,0x42,0x00,0x00},  /* U+021E */
    {0x00,0x24,0x18,0x00,0x40,0x40,0x40,0x5C,0x62,0x42,0x42,0x42,0x42,0x42,0x00,0x00},  /* U+021F */
    {0x00,0x00,0x00,0x00,0x5C,0x62,0x42,0x42,0x42,0x42,0x42,0x42,0x42,0x42,0x02,0x02},  /* U+0220 */
    {0x00,0x00,0x00,0x02,0x02,0x02,0x3A,0x46,0x42,0x42,0x42,0x42,0x47,0x3B,0x02,0x04},  /* U+0221 */
    {0x00,0x00,0x00,0x00,0x08,0x24,0x42,0x42,0x24,0x3C,0x42,0x42,0x42,0x3C,0x00,0x00},  /* U+0222 */
    {0x00,0x00,0x00,0x00,0x00,0x00,0x12,0x22,0x24,0x18,0x24,0x22,0x22,0x1C,0x00,0x00},  /* U+0223 */
    {0x00,0x00,0x00,0x00,0x7E,0x02,0x02,0x04,0x08,0x10,0x20,0x40,0x40,0x7E,0x02,0x04},  /* U+0224 */
    {0x00,0x00,0x00,0x00,0x00,0x00,0x7E,0x02,0x04,0x08,0x10,0x20,0x40,0x7E,0x02,0x04},  /* U+0225 */
    {0x00,0x00,0x08,0x00,0x18,0x24,0x24,0x42,0x42,0x7E,0x42,0x42,0x42,0x42,0x00,0x00},  /* U+0226 */
    {0x00,0x00,0x00,0x00,0x08,0x00,0x3C,0x42,0x02,0x3E,0x42,0x42,0x46,0x3A,0x00,0x00},  /* U+0227 */
    {0x00,0x00,0x00,0x00,0x7E,0x40,0x40,0x40,0x7C,0x40,0x40,0x40,0x40,0x7E,0x08,0x30},  /* U+0228 */
    {0x00,0x00,0x00,0x00,0x00,0x00,0x3C,0x42,0x42,0x7E,0x40,0x40,0x42,0x3C,0x08,0x30},  /* U+0229 */
    {0x3C,0x00,0x24,0x00,0x3C,0x42,0x42,0x42,0x42,0x42,0x42,0x42,0x42,0x3C,0x00,0x00},  /* U+022A */
    {0x00,0x00,0x3C,0x00,0x24,0x00,0x3C,0x42,0x42,0x42,0x42,0x42,0x42,0x3C,0x00,0x00},  /* U+022B */
    {0x3C,0x00,0x32,0x4C,0x00,0x3C,0x42,0x42,0x42,0x42,0x42,0x42,0x42,0x3C,0x00,0x00},  /* U+022C */
    {0x00,0x3C,0x00,0x32,0x4C,0x00,0x3C,0x42,0x42,0x42,0x42,0x42,0x42,0x3C,0x00,0x00},  /* U+022D */
    {0x00,0x00,0x08,0x00,0x3C,0x42,0x42,0x42,0x42,0x42,0x42,0x42,0x42,0x3C,0x00,0x00},  /* U+022E */
    {0x00,0x00,0x00,0x00,0x08,0x00,0x3C,0x42,0x42,0x42,0x42,0x42,0x42,0x3C,0x00,0x00},  /* U+022F */
    {0x3C,0x00,0x08,0x00,0x3C,0x42,0x42,0x42,0x42,0x42,0x42,0x42,0x42,0x3C,0x00,0x00},  /* U+0230 */
    {0x00,0x00,0x3C,0x00,0x08,0x00,0x3C,0x42,0x42,0x42,0x42,0x42,0x42,0x3C,0x00,0x00},  /* U+0231 */
    {0x00,0x00,0x3E,0x00,0x41,0x41,0x22,0x22,0x14,0x08,0x08,0x08,0x08,0x08,0x00,0x00},  /* U+0232 */
    {0x00,0x00,0x00,0x00,0x3C,0x00,0x42,0x42,0x42,0x42,0x42,0x26,0x1A,0x02,0x02,0x3C},  /* U+0233 */
    {0x00,0x00,0x00,0x18,0x08,0x08,0x08,0x08,0x08,0x08,0x08,0x08,0x0C,0x0C,0x10,0x20},  /* U+0234 */
    {0x00,0x00,0x00,0x00,0x00,0x00,0x5C,0x62,0x42,0x42,0x42,0x42,0x43,0x43,0x02,0x04},  /* U+0235 */
    {0x00,0x00,0x00,0x00,0x10,0x10,0x10,0x7C,0x10,0x10,0x10,0x10,0x16,0x0E,0x08,0x10},  /* U+0236 */
    {0x00,0x00,0x00,0x00,0x00,0x00,0x0C,0x04,0x04,0x04,0x04,0x04,0x04,0x04,0x48,0x30},  /* U+0237 */
    {0x00,0x00,0x00,0x10,0x10,0x10,0x54,0xBA,0x92,0x92,0x92,0x92,0xBA,0x54,0x00,0x00},  /* U+0238 */
    {0x00,0x00,0x00,0x00,0x00,0x00,0x54,0xBA,0x92,0x92,0x92,0x92,0xBA,0x54,0x10,0x10},  /* U+0239 */
    {0x00,0x00,0x00,0x02,0x1A,0x24,0x2C,0x4A,0x52,0x7E,0x62,0x42,0x42,0xC2,0x00,0x00},  /* U+023A */
    {0x00,0x00,0x00,0x02,0x3C,0x46,0x4A,0x48,0x50,0x50,0x60,0x62,0x42,0x7C,0x80,0x00},  /* U+023B */
    {0x00,0x00,0x00,0x00,0x02,0x04,0x3C,0x4A,0x50,0x50,0x60,0x60,0x42,0x7C,0x80,0x00},  /* U+023C */
    {0x00,0x00,0x00,0x00,0x20,0x20,0x20,0x20,0x78,0x20,0x20,0x20,0x20,0x3E,0x00,0x00},  /* U+023D */
    {0x00,0x00,0x01,0x02,0x7F,0x0C,0x0C,0x08,0x08,0x18,0x18,0x28,0x28,0x48,0x00,0x00},  /* U+023E */
    {0x00,0x00,0x00,0x00,0x00,0x00,0x3C,0x42,0x40,0x30,0x0C,0x02,0x42,0x3C,0x09,0x06},  /* U+023F */
    {0x00,0x00,0x00,0x00,0x00,0x00,0x7E,0x02,0x04,0x08,0x10,0x20,0x40,0x60,0x10,0x0E},  /* U+0240 */
    {0x00,0x00,0x00,0x00,0x3C,0x42,0x42,0x02,0x04,0x08,0x08,0x08,0x08,0x08,0x00,0x00},  /* U+0241 */
    {0x00,0x00,0x00,0x00,0x00,0x00,0x3C,0x42,0x42,0x02,0x04,0x08,0x08,0x08,0x00,0x00},  /* U+0242 */
    {0x00,0x00,0x00,0x00,0x3C,0x22,0x22,0x22,0x3C,0x22,0x7A,0x22,0x22,0x3C,0x00,0x00},  /* U+0243 */
    {0x00,0x00,0x00,0x00,0x44,0x44,0x44,0x44,0x44,0xFE,0x44,0x44,0x44,0x38,0x00,0x00},  /* U+0244 */
    {0x00,0x00,0x00,0x00,0x18,0x18,0x18,0x24,0x24,0x24,0x24,0x42,0x42,0x42,0x00,0x00},  /* U+0245 */
    {0x00,0x00,0x04,0x04,0x7E,0x48,0x48,0x50,0x7C,0x50,0x50,0x60,0x60,0x7E,0x40,0x40},  /* U+0246 */
    {0x00,0x00,0x00,0x00,0x00,0x02,0x3C,0x46,0x4A,0x7E,0x50,0x60,0x42,0x7C,0x80,0x00},  /* U+0247 */
    {0x00,0x00,0x00,0x00,0x1F,0x04,0x04,0x04,0x04,0x1F,0x04,0x44,0x44,0x38,0x00,0x00},  /* U+0248 */
    {0x00,0x00,0x00,0x04,0x04,0x00,0x0C,0x04,0x04,0x1F,0x04,0x04,0x04,0x04,0x48,0x30},  /* U+0249 */
    {0x00,0x00,0x00,0x00,0x38,0x44,0x44,0x44,0x44,0x44,0x44,0x44,0x4C,0x34,0x04,0x03},  /* U+024A */
    {0x00,0x00,0x00,0x00,0x00,0x00,0x34,0x4C,0x44,0x44,0x44,0x44,0x4C,0x34,0x04,0x03},  /* U+024B */
    {0x00,0x00,0x00,0x00,0x3C,0x22,0x22,0x22,0x7C,0x28,0x24,0x24,0x22,0x22,0x00,0x00},  /* U+024C */
    {0x00,0x00,0x00,0x00,0x00,0x00,0x2C,0x32,0x22,0x70,0x20,0x20,0x20,0x20,0x00,0x00},  /* U+024D */
    {0x00,0x00,0x00,0x00,0x41,0x41,0x22,0x7F,0x14,0x08,0x08,0x08,0x08,0x08,0x00,0x00},  /* U+024E */
    {0x00,0x00,0x00,0x00,0x00,0x00,0x22,0x22,0x22,0x7F,0x22,0x12,0x0E,0x02,0x02,0x1C},  /* U+024F */
    {0x00,0x00,0x00,0x00,0x00,0x00,0x5C,0x62,0x42,0x42,0x7C,0x40,0x42,0x3C,0x00,0x00},  /* U+0250 */
    {0x00,0x00,0x00,0x00,0x00,0x00,0x3A,0x46,0x42,0x42,0x42,0x46,0x4A,0x32,0x00,0x00},  /* U+0251 */
    {0x00,0x00,0x00,0x00,0x00,0x00,0x4C,0x52,0x62,0x42,0x42,0x42,0x62,0x5C,0x00,0x00},  /* U+0252 */
    {0x00,0x00,0x00,0x38,0x40,0x40,0x5C,0x62,0x42,0x42,0x42,0x42,0x62,0x5C,0x00,0x00},  /* U+0253 */
    {0x00,0x00,0x00,0x00,0x00,0x00,0x3C,0x42,0x02,0x02,0x02,0x02,0x42,0x3C,0x00,0x00},  /* U+0254 */
    {0x00,0x00,0x00,0x00,0x00,0x00,0x3C,0x42,0x40,0x40,0x40,0x4C,0x52,0x3C,0x40,0x00},  /* U+0255 */
    {0x00,0x00,0x00,0x04,0x04,0x04,0x34,0x4C,0x44,0x44,0x44,0x44,0x4C,0x34,0x03,0x00},  /* U+0256 */
    {0x00,0x00,0x00,0x03,0x04,0x04,0x34,0x4C,0x44,0x44,0x44,0x44,0x4C,0x34,0x00,0x00},  /* U+0257 */
    {0x00,0x00,0x00,0x00,0x00,0x00,0x3C,0x42,0x42,0x7E,0x02,0x02,0x42,0x3C,0x00,0x00},  /* U+0258 */
    {0x00,0x00,0x00,0x00,0x00,0x00,0x3C,0x42,0x02,0x02,0x7E,0x42,0x42,0x3C,0x00,0x00},  /* U+0259 */
    {0x00,0x00,0x00,0x00,0x00,0x00,0x34,0x4D,0x1A,0x28,0x48,0x48,0x48,0x30,0x00,0x00},  /* U+025A */
    {0x00,0x00,0x00,0x00,0x00,0x00,0x3C,0x42,0x40,0x3C,0x40,0x40,0x42,0x3C,0x00,0x00},  /* U+025B */
    {0x00,0x00,0x00,0x00,0x00,0x00,0x3C,0x42,0x02,0x3C,0x02,0x02,0x42,0x3C,0x00,0x00},  /* U+025C */
    {0x00,0x00,0x00,0x00,0x00,0x00,0x34,0x4D,0x0A,0x30,0x08,0x08,0x48,0x30,0x00,0x00},  /* U+025D */
    {0x00,0x00,0x00,0x00,0x00,0x00,0x3C,0x42,0x42,0x5C,0x42,0x42,0x42,0x3C,0x00,0x00},  /* U+025E */
    {0x00,0x00,0x00,0x00,0x00,0x00,0x0C,0x04,0x04,0x04,0x1F,0x04,0x04,0x04,0x48,0x30},  /* U+025F */
    {0x00,0x00,0x00,0x00,0x00,0x03,0x34,0x4C,0x44,0x44,0x44,0x4C,0x34,0x04,0x44,0x38},  /* U+0260 */
    {0x00,0x00,0x00,0x00,0x00,0x00,0x3A,0x46,0x42,0x42,0x42,0x46,0x3A,0x02,0x42,0x3C},  /* U+0261 */
    {0x00,0x00,0x00,0x00,0x00,0x00,0x3C,0x42,0x40,0x40,0x4E,0x42,0x42,0x3E,0x00,0x00},  /* U+0262 */
    {0x00,0x00,0x00,0x00,0x00,0x00,0x42,0x42,0x42,0x24,0x24,0x18,0x18,0x24,0x24,0x18},  /* U+0263 */
    {0x00,0x00,0x00,0x00,0x00,0x00,0x44,0xAA,0x28,0x10,0x10,0x28,0x28,0x10,0x00,0x00},  /* U+0264 */
    {0x00,0x00,0x00,0x00,0x00,0x42,0x42,0x42,0x42,0x42,0x42,0x46,0x3A,0x02,0x02,0x02},  /* U+0265 */
    {0x00,0x00,0x00,0x38,0x40,0x40,0x5C,0x62,0x42,0x42,0x42,0x42,0x42,0x42,0x00,0x00},  /* U+0266 */
    {0x00,0x00,0x00,0x38,0x40,0x40,0x5C,0x62,0x42,0x42,0x42,0x42,0x42,0x42,0x02,0x0C},  /* U+0267 */
    {0x00,0x00,0x00,0x08,0x08,0x00,0x18,0x08,0x08,0x3E,0x08,0x08,0x08,0x3E,0x00,0x00},  /* U+0268 */
    {0x00,0x00,0x00,0x00,0x00,0x00,0x70,0x10,0x10,0x10,0x10,0x10,0x10,0x0C,0x00,0x00},  /* U+0269 */
    {0x00,0x00,0x00,0x00,0x00,0x00,0x3E,0x08,0x08,0x08,0x08,0x08,0x08,0x3E,0x00,0x00},  /* U+026A */
    {0x00,0x00,0x00,0x18,0x08,0x08,0x08,0x3A,0x4C,0x08,0x08,0x08,0x08,0x3E,0x00,0x00},  /* U+026B */
    {0x00,0x00,0x00,0x18,0x08,0x08,0x38,0x48,0x3E,0x08,0x08,0x08,0x08,0x3E,0x00,0x00},  /* U+026C */
    {0x00,0x00,0x00,0x18,0x08,0x08,0x08,0x08,0x08,0x08,0x08,0x08,0x08,0x08,0x06,0x00},  /* U+026D */
    {0x00,0x00,0x00,0x30,0x10,0x10,0x1F,0x11,0x12,0x14,0x16,0x11,0x11,0x7D,0x09,0x06},  /* U+026E */
    {0x00,0x00,0x00,0x00,0x00,0x00,0x49,0x49,0x49,0x49,0x49,0x49,0x49,0x37,0x00,0x00},  /* U+026F */
    {0x00,0x00,0x00,0x00,0x00,0x00,0x49,0x49,0x49,0x49,0x49,0x49,0x49,0x37,0x01,0x01},  /* U+0270 */
    {0x00,0x00,0x00,0x00,0x00,0x00,0x76,0x49,0x49,0x49,0x49,0x49,0x49,0x41,0x06,0x00},  /* U+0271 */
    {0x00,0x00,0x00,0x00,0x00,0x00,0x16,0x19,0x11,0x11,0x11,0x11,0x11,0x11,0x60,0x00},  /* U+0272 */
    {0x00,0x00,0x00,0x00,0x00,0x00,0x58,0x64,0x44,0x44,0x44,0x44,0x44,0x44,0x03,0x00},  /* U+0273 */
    {0x00,0x00,0x00,0x00,0x00,0x00,0x42,0x42,0x62,0x52,0x4A,0x46,0x42,0x42,0x00,0x00},  /* U+0274 */
    {0x00,0x00,0x00,0x00,0x00,0x00,0x3C,0x42,0x42,0x7E,0x42,0x42,0x42,0x3C,0x00,0x00},  /* U+0275 */
    {0x00,0x00,0x00,0x00,0x00,0x00,0x37,0x48,0x48,0x4E,0x48,0x48,0x48,0x37,0x00,0x00},  /* U+0276 */
    {0x00,0x00,0x00,0x00,0x00,0x00,0x3E,0x41,0x41,0x49,0x49,0x49,0x49,0x36,0x00,0x00},  /* U+0277 */
    {0x00,0x00,0x00,0x08,0x08,0x08,0x3E,0x49,0x49,0x49,0x49,0x49,0x49,0x3E,0x08,0x08},  /* U+0278 */
    {0x00,0x00,0x00,0x00,0x00,0x00,0x02,0x02,0x02,0x02,0x02,0x42,0x46,0x3A,0x00,0x00},  /* U+0279 */
    {0x00,0x00,0x00,0x00,0x02,0x02,0x02,0x02,0x02,0x02,0x02,0x42,0x46,0x3A,0x00,0x00},  /* U+027A */
    {0x00,0x00,0x00,0x00,0x00,0x00,0x04,0x04,0x04,0x04,0x04,0x44,0x4C,0x34,0x03,0x00},  /* U+027B */
    {0x00,0x00,0x00,0x00,0x00,0x00,0x5C,0x62,0x42,0x40,0x40,0x40,0x40,0x40,0x40,0x40},  /* U+027C */
    {0x00,0x00,0x00,0x00,0x00,0x00,0x5C,0x62,0x42,0x40,0x40,0x40,0x40,0x40,0x30,0x00},  /* U+027D */
    {0x00,0x00,0x00,0x00,0x00,0x00,0x3C,0x42,0x42,0x40,0x40,0x40,0x40,0x40,0x00,0x00},  /* U+027E */
    {0x00,0x00,0x00,0x00,0x00,0x00,0x3C,0x42,0x42,0x02,0x02,0x02,0x02,0x02,0x02,0x02},  /* U+027F */
    {0x00,0x00,0x00,0x00,0x00,0x00,0x7C,0x42,0x42,0x7C,0x48,0x44,0x42,0x42,0x00,0x00},  /* U+0280 */
    {0x00,0x00,0x00,0x00,0x00,0x00,0x42,0x42,0x44,0x48,0x7C,0x42,0x42,0x7C,0x00,0x00},  /* U+0281 */
    {0x00,0x00,0x00,0x00,0x00,0x00,0x3C,0x42,0x40,0x30,0x0C,0x02,0x42,0x7C,0x40,0x30},  /* U+0282 */
    {0x00,0x00,0x00,0x0C,0x10,0x10,0x10,0x10,0x10,0x10,0x10,0x10,0x10,0x10,0x60,0x00},  /* U+0283 */
    {0x00,0x00,0x00,0x0C,0x10,0x10,0x10,0x10,0x10,0x10,0x7C,0x10,0x10,0x10,0x60,0x00},  /* U+0284 */
    {0x00,0x00,0x00,0x00,0x00,0x00,0x60,0x10,0x10,0x10,0x10,0x10,0x10,0x10,0x0C,0x00},  /* U+0285 */
    {0x00,0x00,0x00,0x06,0x08,0x08,0x08,0x08,0x08,0x08,0x08,0x08,0x38,0x4E,0x30,0x00},  /* U+0286 */
    {0x00,0x00,0x00,0x00,0x60,0x10,0x10,0x10,0x10,0x10,0x10,0x7C,0x10,0x10,0x00,0x00},  /* U+0287 */
    {0x00,0x00,0x00,0x00,0x10,0x10,0x10,0x7C,0x10,0x10,0x10,0x10,0x10,0x10,0x0E,0x00},  /* U+0288 */
    {0x00,0x00,0x00,0x00,0x00,0x00,0x22,0x22,0x22,0x7F,0x22,0x22,0x26,0x1A,0x00,0x00},  /* U+0289 */
    {0x00,0x00,0x00,0x00,0x00,0x00,0x42,0x24,0x42,0x42,0x42,0x42,0x24,0x18,0x00,0x00},  /* U+028A */
    {0x00,0x00,0x00,0x00,0x00,0x00,0xCC,0x42,0x42,0x42,0x42,0x44,0x48,0x30,0x00,0x00},  /* U+028B */
    {0x00,0x00,0x00,0x00,0x00,0x00,0x18,0x18,0x24,0x24,0x24,0x42,0x42,0x42,0x00,0x00},  /* U+028C */
    {0x00,0x00,0x00,0x00,0x00,0x00,0x36,0x49,0x49,0x49,0x49,0x49,0x49,0x41,0x00,0x00},  /* U+028D */
    {0x00,0x00,0x00,0x00,0x3C,0x40,0x40,0x58,0x64,0x42,0x42,0x42,0x42,0x42,0x00,0x00},  /* U+028E */
    {0x00,0x00,0x00,0x00,0x00,0x00,0x41,0x41,0x22,0x14,0x08,0x08,0x08,0x08,0x00,0x00},  /* U+028F */
    {0x00,0x00,0x00,0x00,0x00,0x00,0x7C,0x08,0x08,0x10,0x10,0x20,0x20,0x7C,0x04,0x03},  /* U+0290 */
    {0x00,0x00,0x00,0x00,0x00,0x00,0x7E,0x02,0x04,0x08,0x10,0x26,0x49,0x7E,0x10,0x00},  /* U+0291 */
    {0x00,0x00,0x00,0x00,0x00,0x00,0x3E,0x04,0x08,0x10,0x1C,0x02,0x02,0x02,0x42,0x3C},  /* U+0292 */
    {0x00,0x00,0x00,0x00,0x00,0x00,0x3E,0x04,0x08,0x10,0x1C,0x02,0x02,0x32,0x4A,0x3C},  /* U+0293 */
    {0x00,0x00,0x00,0x00,0x3C,0x42,0x42,0x02,0x04,0x08,0x08,0x08,0x08,0x08,0x00,0x00},  /* U+0294 */
    {0x00,0x00,0x00,0x00,0x3C,0x42,0x42,0x40,0x20,0x10,0x10,0x10,0x10,0x10,0x00,0x00},  /* U+0295 */
    {0x00,0x00,0x00,0x00,0x08,0x08,0x08,0x08,0x08,0x04,0x02,0x42,0x42,0x3C,0x00,0x00},  /* U+0296 */
    {0x00,0x00,0x00,0x00,0x00,0x00,0x3C,0x42,0x40,0x40,0x40,0x40,0x40,0x40,0x42,0x3C},  /* U+0297 */
    {0x00,0x00,0x00,0x00,0x3C,0x42,0x42,0x42,0x5A,0x5A,0x42,0x42,0x42,0x3C,0x00,0x00},  /* U+0298 */
    {0x00,0x00,0x00,0x00,0x00,0x00,0x7C,0x42,0x42,0x7C,0x42,0x42,0x42,0x7C,0x00,0x00},  /* U+0299 */
    {0x00,0x00,0x00,0x00,0x00,0x00,0x3C,0x42,0x42,0x3A,0x42,0x42,0x42,0x3C,0x00,0x00},  /* U+029A */
    {0x00,0x00,0x00,0x00,0x00,0x00,0x3B,0x44,0x40,0x40,0x4C,0x44,0x44,0x3C,0x00,0x00},  /* U+029B */
    {0x00,0x00,0x00,0x00,0x00,0x00,0x22,0x22,0x22,0x3E,0x22,0x22,0x22,0x22,0x00,0x00},  /* U+029C */
    {0x00,0x00,0x00,0x04,0x04,0x00,0x0C,0x04,0x04,0x04,0x04,0x04,0x04,0x3E,0x48,0x30},  /* U+029D */
    {0x00,0x00,0x00,0x00,0x00,0x42,0x22,0x12,0x0A,0x06,0x0A,0x12,0x22,0x02,0x02,0x02},  /* U+029E */
    {0x00,0x00,0x00,0x00,0x00,0x00,0x40,0x40,0x40,0x40,0x40,0x40,0x40,0x7E,0x00,0x00},  /* U+029F */
    {0x00,0x00,0x00,0x00,0x00,0x03,0x34,0x4C,0x44,0x44,0x44,0x44,0x4C,0x34,0x04,0x04},  /* U+02A0 */
    {0x00,0x00,0x00,0x00,0x3C,0x42,0x42,0x02,0x04,0x08,0x08,0x3E,0x08,0x08,0x00,0x00},  /* U+02A1 */
    {0x00,0x00,0x00,0x00,0x3C,0x42,0x42,0x40,0x20,0x10,0x10,0x7C,0x10,0x10,0x00,0x00},  /* U+02A2 */
    {0x00,0x00,0x00,0x10,0x10,0x10,0x3F,0x51,0x52,0x52,0x54,0x54,0x58,0x3F,0x00,0x00},  /* U+02A3 */
    {0x00,0x00,0x00,0x10,0x10,0x10,0x3F,0x51,0x52,0x54,0x56,0x51,0x51,0x31,0x09,0x06},  /* U+02A4 */
    {0x00,0x00,0x00,0x10,0x10,0x10,0x3F,0x51,0x52,0x54,0x58,0x52,0x55,0x3E,0x04,0x00},  /* U+02A5 */
    {0x00,0x00,0x00,0x00,0x40,0x40,0x46,0xF9,0x48,0x44,0x42,0x41,0x41,0x3E,0x00,0x00},  /* U+02A6 */
    {0x00,0x00,0x00,0x03,0x24,0x24,0x24,0x7C,0x24,0x24,0x24,0x24,0x24,0x1C,0x04,0x18},  /* U+02A7 */
    {0x00,0x00,0x00,0x00,0x40,0x40,0x46,0xF9,0x48,0x48,0x48,0x4A,0x4D,0x3E,0x04,0x00},  /* U+02A8 */
    {0x00,0x00,0x00,0x00,0x30,0x48,0x40,0x6E,0x51,0x51,0x51,0x51,0x51,0x51,0x02,0x0C},  /* U+02A9 */
    {0x00,0x00,0x00,0x60,0x20,0x20,0x26,0x29,0x28,0x24,0x22,0x21,0x21,0x7E,0x00,0x00},  /* U+02AA */
    {0x00,0x00,0x00,0x60,0x20,0x20,0x3E,0x22,0x24,0x24,0x28,0x28,0x30,0x7E,0x00,0x00},  /* U+02AB */
    {0x00,0x00,0x00,0x49,0x49,0x55,0x36,0x22,0x00,0x49,0x49,0x55,0x36,0x22,0x00,0x00},  /* U+02AC */
    {0x00,0x00,0x00,0x00,0x7E,0x42,0x42,0x42,0x00,0x00,0x7E,0x42,0x42,0x42,0x00,0x00},  /* U+02AD */
    {0x00,0x00,0x00,0x00,0x00,0x00,0x64,0x24,0x24,0x24,0x24,0x24,0x2C,0x14,0x04,0x04},  /* U+02AE */
    {0x00,0x00,0x00,0x00,0x00,0x00,0x64,0x24,0x24,0x24,0x24,0x24,0x2C,0x14,0x04,0x03},  /* U+02AF */
    {0x00,0x00,0x00,0x40,0x40,0x58,0x64,0x44,0x44,0x44,0x00,0x00,0x00,0x00,0x00,0x00},  /* U+02B0 */
    {0x00,0x00,0x00,0x38,0x44,0x40,0x58,0x64,0x44,0x44,0x00,0x00,0x00,0x00,0x00,0x00},  /* U+02B1 */
    {0x00,0x00,0x00,0x04,0x00,0x04,0x04,0x04,0x04,0x24,0x18,0x00,0x00,0x00,0x00,0x00},  /* U+02B2 */
    {0x00,0x00,0x00,0x00,0x00,0x58,0x64,0x44,0x40,0x40,0x00,0x00,0x00,0x00,0x00,0x00},  /* U+02B3 */
    {0x00,0x00,0x00,0x00,0x00,0x04,0x04,0x44,0x4C,0x34,0x00,0x00,0x00,0x00,0x00,0x00},  /* U+02B4 */
    {0x00,0x00,0x00,0x00,0x00,0x04,0x04,0x44,0x4C,0x34,0x03,0x00,0x00,0x00,0x00,0x00},  /* U+02B5 */
    {0x00,0x00,0x00,0x00,0x00,0x44,0x48,0x78,0x44,0x78,0x00,0x00,0x00,0x00,0x00,0x00},  /* U+02B6 */
    {0x00,0x00,0x00,0x00,0x00,0x49,0x49,0x55,0x36,0x22,0x00,0x00,0x00,0x00,0x00,0x00},  /* U+02B7 */
    {0x00,0x00,0x00,0x00,0x00,0x44,0x44,0x4C,0x34,0x04,0x38,0x00,0x00,0x00,0x00,0x00},  /* U+02B8 */
    {0x00,0x00,0x00,0x00,0x08,0x10,0x20,0x00,0x00,0x00,0x00,0x00,0x00,0x00,0x00,0x00},  /* U+02B9 */
    {0x00,0x00,0x00,0x00,0x12,0x24,0x48,0x00,0x00,0x00,0x00,0x00,0x00,0x00,0x00,0x00},  /* U+02BA */
    {0x00,0x00,0x00,0x00,0x08,0x10,0x10,0x18,0x00,0x00,0x00,0x00,0x00,0x00,0x00,0x00},  /* U+02BB */
    {0x00,0x00,0x00,0x00,0x18,0x08,0x08,0x10,0x00,0x00,0x00,0x00,0x00,0x00,0x00,0x00},  /* U+02BC */
    {0x00,0x00,0x00,0x00,0x18,0x10,0x10,0x08,0x00,0x00,0x00,0x00,0x00,0x00,0x00,0x00},  /* U+02BD */
    {0x00,0x00,0x00,0x30,0x08,0x04,0x04,0x08,0x30,0x00,0x00,0x00,0x00,0x00,0x00,0x00},  /* U+02BE */
    {0x00,0x00,0x00,0x0C,0x10,0x20,0x20,0x10,0x0C,0x00,0x00,0x00,0x00,0x00,0x00,0x00},  /* U+02BF */
    {0x00,0x00,0x00,0x3C,0x42,0x02,0x1C,0x10,0x10,0x00,0x00,0x00,0x00,0x00,0x00,0x00},  /* U+02C0 */
    {0x00,0x00,0x00,0x3C,0x42,0x40,0x38,0x08,0x08,0x00,0x00,0x00,0x00,0x00,0x00,0x00},  /* U+02C1 */
    {0x00,0x00,0x00,0x04,0x08,0x10,0x20,0x10,0x08,0x04,0x00,0x00,0x00,0x00,0x00,0x00},  /* U+02C2 */
    {0x00,0x00,0x00,0x20,0x10,0x08,0x04,0x08,0x10,0x20,0x00,0x00,0x00,0x00,0x00,0x00},  /* U+02C3 */
    {0x00,0x00,0x00,0x00,0x08,0x14,0x22,0x41,0x00,0x00,0x00,0x00,0x00,0x00,0x00,0x00},  /* U+02C4 */
    {0x00,0x00,0x00,0x00,0x41,0x22,0x14,0x08,0x00,0x00,0x00,0x00,0x00,0x00,0x00,0x00},  /* U+02C5 */
    {0x00,0x00,0x00,0x00,0x18,0x24,0x00,0x00,0x00,0x00,0x00,0x00,0x00,0x00,0x00,0x00},  /* U+02C6 */
    {0x00,0x00,0x00,0x00,0x24,0x18,0x00,0x00,0x00,0x00,0x00,0x00,0x00,0x00,0x00,0x00},  /* U+02C7 */
    {0x00,0x00,0x00,0x00,0x08,0x08,0x08,0x00,0x00,0x00,0x00,0x00,0x00,0x00,0x00,0x00},  /* U+02C8 */
    {0x00,0x00,0x00,0x00,0x3C,0x00,0x00,0x00,0x00,0x00,0x00,0x00,0x00,0x00,0x00,0x00},  /* U+02C9 */
    {0x00,0x00,0x00,0x00,0x0C,0x30,0x00,0x00,0x00,0x00,0x00,0x00,0x00,0x00,0x00,0x00},  /* U+02CA */
    {0x00,0x00,0x00,0x00,0x30,0x0C,0x00,0x00,0x00,0x00,0x00,0x00,0x00,0x00,0x00,0x00},  /* U+02CB */
    {0x00,0x00,0x00,0x00,0x00,0x00,0x00,0x00,0x00,0x00,0x08,0x08,0x08,0x08,0x00,0x00},  /* U+02CC */
    {0x00,0x00,0x00,0x00,0x00,0x00,0x00,0x00,0x00,0x00,0x00,0x00,0x00,0x3C,0x00,0x00},  /* U+02CD */
    {0x00,0x00,0x00,0x00,0x00,0x00,0x00,0x00,0x00,0x00,0x00,0x00,0x00,0x30,0x0C,0x00},  /* U+02CE */
    {0x00,0x00,0x00,0x00,0x00,0x00,0x00,0x00,0x00,0x00,0x00,0x00,0x00,0x0C,0x30,0x00},  /* U+02CF */
    {0x00,0x00,0x00,0x00,0x00,0x00,0x00,0x38,0x10,0x00,0x00,0x10,0x38,0x00,0x00,0x00},  /* U+02D0 */
    {0x00,0x00,0x00,0x00,0x00,0x00,0x00,0x38,0x10,0x00,0x00,0x00,0x00,0x00,0x00,0x00},  /* U+02D1 */
    {0x00,0x00,0x00,0x00,0x00,0x00,0x30,0x08,0x04,0x04,0x08,0x30,0x00,0x00,0x00,0x00},  /* U+02D2 */
    {0x00,0x00,0x00,0x00,0x00,0x00,0x0C,0x10,0x20,0x20,0x10,0x0C,0x00,0x00,0x00,0x00},  /* U+02D3 */
    {0x00,0x00,0x00,0x00,0x00,0x00,0x00,0x10,0x10,0x10,0x10,0x7C,0x00,0x00,0x00,0x00},  /* U+02D4 */
    {0x00,0x00,0x00,0x00,0x00,0x00,0x00,0x7C,0x10,0x10,0x10,0x10,0x00,0x00,0x00,0x00},  /* U+02D5 */
    {0x00,0x00,0x00,0x00,0x00,0x00,0x00,0x10,0x10,0x7C,0x10,0x10,0x00,0x00,0x00,0x00},  /* U+02D6 */
    {0x00,0x00,0x00,0x00,0x00,0x00,0x00,0x00,0x00,0x7C,0x00,0x00,0x00,0x00,0x00,0x00},  /* U+02D7 */
    {0x00,0x00,0x42,0x42,0x3C,0x00,0x00,0x00,0x00,0x00,0x00,0x00,0x00,0x00,0x00,0x00},  /* U+02D8 */
    {0x00,0x00,0x18,0x18,0x00,0x00,0x00,0x00,0x00,0x00,0x00,0x00,0x00,0x00,0x00,0x00},  /* U+02D9 */
    {0x00,0x00,0x18,0x24,0x18,0x00,0x00,0x00,0x00,0x00,0x00,0x00,0x00,0x00,0x00,0x00},  /* U+02DA */
    {0x00,0x00,0x00,0x00,0x00,0x00,0x00,0x00,0x00,0x00,0x00,0x00,0x00,0x00,0x08,0x06},  /* U+02DB */
    {0x00,0x00,0x32,0x4C,0x00,0x00,0x00,0x00,0x00,0x00,0x00,0x00,0x00,0x00,0x00,0x00},  /* U+02DC */
    {0x00,0x00,0x33,0x44,0x00,0x00,0x00,0x00,0x00,0x00,0x00,0x00,0x00,0x00,0x00,0x00},  /* U+02DD */
    {0x00,0x00,0x00,0x00,0x00,0x00,0x00,0x20,0x60,0xA2,0x1C,0x00,0x00,0x00,0x00,0x00},  /* U+02DE */
    {0x00,0x00,0x00,0x00,0x42,0x24,0x18,0x24,0x42,0x00,0x00,0x00,0x00,0x00,0x00,0x00},  /* U+02DF */
    {0x00,0x00,0x00,0x00,0x00,0x42,0x42,0x24,0x18,0x24,0x24,0x18,0x00,0x00,0x00,0x00},  /* U+02E0 */
    {0x00,0x00,0x00,0x30,0x10,0x10,0x10,0x10,0x10,0x38,0x00,0x00,0x00,0x00,0x00,0x00},  /* U+02E1 */
    {0x00,0x00,0x00,0x00,0x00,0x3C,0x40,0x38,0x04,0x78,0x00,0x00,0x00,0x00,0x00,0x00},  /* U+02E2 */
    {0x00,0x00,0x00,0x00,0x00,0x42,0x24,0x18,0x24,0x42,0x00,0x00,0x00,0x00,0x00,0x00},  /* U+02E3 */
    {0x00,0x00,0x00,0x3C,0x42,0x40,0x38,0x08,0x08,0x08,0x00,0x00,0x00,0x00,0x00,0x00},  /* U+02E4 */
    {0x00,0x00,0x00,0x7C,0x04,0x04,0x04,0x04,0x04,0x04,0x04,0x04,0x04,0x04,0x00,0x00},  /* U+02E5 */
    {0x00,0x00,0x00,0x04,0x04,0x7C,0x04,0x04,0x04,0x04,0x04,0x04,0x04,0x04,0x00,0x00},  /* U+02E6 */
    {0x00,0x00,0x00,0x04,0x04,0x04,0x04,0x04,0x7C,0x04,0x04,0x04,0x04,0x04,0x00,0x00},  /* U+02E7 */
    {0x00,0x00,0x00,0x04,0x04,0x04,0x04,0x04,0x04,0x04,0x04,0x7C,0x04,0x04,0x00,0x00},  /* U+02E8 */
    {0x00,0x00,0x00,0x04,0x04,0x04,0x04,0x04,0x04,0x04,0x04,0x04,0x04,0x7C,0x00,0x00},  /* U+02E9 */
    {0x00,0x00,0x00,0x00,0x00,0x00,0x40,0x40,0x40,0x40,0x4C,0x70,0x00,0x00,0x00,0x00},  /* U+02EA */
    {0x00,0x00,0x00,0x00,0x00,0x40,0x40,0x4C,0x70,0x40,0x40,0x40,0x00,0x00,0x00,0x00},  /* U+02EB */
    {0x00,0x00,0x00,0x00,0x00,0x00,0x00,0x00,0x00,0x00,0x00,0x44,0x28,0x10,0x00,0x00},  /* U+02EC */
    {0x00,0x00,0x7E,0x00,0x7E,0x00,0x00,0x00,0x00,0x00,0x00,0x00,0x00,0x00,0x00,0x00},  /* U+02ED */
    {0x00,0x00,0x00,0x00,0x66,0x22,0x22,0x44,0x00,0x00,0x00,0x00,0x00,0x00,0x00,0x00},  /* U+02EE */
    {0x00,0x00,0x00,0x00,0x00,0x00,0x00,0x00,0x00,0x00,0x00,0x00,0x44,0x28,0x10,0x00},  /* U+02EF */
    {0x00,0x00,0x00,0x00,0x00,0x00,0x00,0x00,0x00,0x00,0x00,0x00,0x10,0x28,0x44,0x00},  /* U+02F0 */
    {0x00,0x00,0x00,0x00,0x00,0x00,0x00,0x00,0x00,0x00,0x04,0x08,0x10,0x08,0x04,0x00},  /* U+02F1 */
    {0x00,0x00,0x00,0x00,0x00,0x00,0x00,0x00,0x00,0x00,0x10,0x08,0x04,0x08,0x10,0x00},  /* U+02F2 */
    {0x00,0x00,0x00,0x00,0x00,0x00,0x00,0x00,0x00,0x00,0x00,0x00,0x18,0x24,0x18,0x00},  /* U+02F3 */
    {0x00,0x00,0x00,0x00,0x00,0x00,0x00,0x30,0x0C,0x00,0x00,0x00,0x00,0x00,0x00,0x00},  /* U+02F4 */
    {0x00,0x00,0x00,0x00,0x00,0x00,0x00,0xCC,0x22,0x00,0x00,0x00,0x00,0x00,0x00,0x00},  /* U+02F5 */
    {0x00,0x00,0x00,0x00,0x00,0x00,0x00,0x33,0x44,0x00,0x00,0x00,0x00,0x00,0x00,0x00},  /* U+02F6 */
    {0x00,0x00,0x00,0x00,0x00,0x00,0x00,0x00,0x00,0x00,0x00,0x00,0x00,0x00,0x32,0x4C},  /* U+02F7 */
    {0x00,0x00,0x00,0x18,0x18,0x00,0x00,0x00,0x18,0x18,0x00,0x00,0x00,0x00,0x00,0x00},  /* U+02F8 */
    {0x00,0x00,0x00,0x38,0x20,0x20,0x20,0x00,0x00,0x00,0x00,0x00,0x00,0x00,0x00,0x00},  /* U+02F9 */
    {0x00,0x00,0x00,0x38,0x08,0x08,0x08,0x00,0x00,0x00,0x00,0x00,0x00,0x00,0x00,0x00},  /* U+02FA */
    {0x00,0x00,0x00,0x00,0x00,0x00,0x00,0x00,0x00,0x00,0x20,0x20,0x20,0x38,0x00,0x00},  /* U+02FB */
    {0x00,0x00,0x00,0x00,0x00,0x00,0x00,0x00,0x00,0x00,0x08,0x08,0x08,0x38,0x00,0x00},  /* U+02FC */
    {0x00,0x00,0x00,0x00,0x00,0x00,0x00,0x00,0x00,0x00,0x00,0x00,0x00,0x42,0x42,0x7E},  /* U+02FD */
    {0x00,0x00,0x00,0x00,0x00,0x00,0x00,0x00,0x00,0x00,0x00,0x00,0x00,0x40,0x40,0x7E},  /* U+02FE */
    {0x00,0x00,0x00,0x00,0x00,0x00,0x00,0x00,0x00,0x00,0x00,0x10,0x20,0x7E,0x20,0x10},  /* U+02FF */
    {0x00,0x00,0x00,0x00,0x40,0x40,0x40,0x40,0x7C,0x40,0x40,0x40,0x40,0x40,0x00,0x00},  /* U+0370 */
    {0x00,0x00,0x00,0x00,0x00,0x00,0x60,0x10,0x10,0x1E,0x10,0x10,0x10,0x10,0x00,0x00},  /* U+0371 */
    {0x00,0x00,0x00,0x00,0x7F,0x49,0x49,0x49,0x08,0x08,0x08,0x08,0x08,0x08,0x00,0x00},  /* U+0372 */
    {0x00,0x00,0x00,0x00,0x7C,0x54,0x54,0x54,0x10,0x10,0x10,0x10,0x10,0x10,0x00,0x00},  /* U+0373 */
    {0x00,0x00,0x00,0x00,0x0C,0x18,0x10,0x20,0x00,0x00,0x00,0x00,0x00,0x00,0x00,0x00},  /* U+0374 */
    {0x00,0x00,0x00,0x00,0x00,0x00,0x00,0x00,0x00,0x00,0x00,0x00,0x04,0x08,0x18,0x30},  /* U+0375 */
    {0x00,0x00,0x00,0x00,0x42,0x46,0x46,0x4A,0x4A,0x52,0x52,0x62,0x62,0x42,0x00,0x00},  /* U+0376 */
    {0x00,0x00,0x00,0x00,0x00,0x00,0x44,0x4C,0x4C,0x54,0x54,0x64,0x64,0x44,0x00,0x00},  /* U+0377 */
    {0x00,0x00,0x7E,0x42,0x42,0x5A,0x5A,0x42,0x42,0x5A,0x5A,0x42,0x42,0x7E,0x00,0x00},  /* U+0378 */
    {0x00,0x00,0x7E,0x42,0x42,0x5A,0x5A,0x42,0x42,0x5A,0x5A,0x42,0x42,0x7E,0x00,0x00},  /* U+0379 */
    {0x00,0x00,0x00,0x00,0x00,0x00,0x00,0x00,0x00,0x00,0x00,0x00,0x20,0x20,0x20,0x18},  /* U+037A */
    {0x00,0x00,0x00,0x00,0x00,0x00,0x3C,0x42,0x02,0x02,0x02,0x02,0x42,0x3C,0x00,0x00},  /* U+037B */
    {0x00,0x00,0x00,0x00,0x00,0x00,0x3C,0x42,0x40,0x58,0x58,0x40,0x42,0x3C,0x00,0x00},  /* U+037C */
    {0x00,0x00,0x00,0x00,0x00,0x00,0x3C,0x42,0x02,0x1A,0x1A,0x02,0x42,0x3C,0x00,0x00},  /* U+037D */
    {0x00,0x00,0x00,0x00,0x00,0x00,0x18,0x18,0x00,0x00,0x00,0x18,0x08,0x08,0x10,0x00},  /* U+037E */
    {0x00,0x00,0x00,0x00,0x1F,0x04,0x04,0x04,0x04,0x04,0x04,0x44,0x44,0x38,0x00,0x00},  /* U+037F */
    {0x00,0x00,0x7E,0x42,0x42,0x5A,0x5A,0x42,0x42,0x5A,0x5A,0x42,0x42,0x7E,0x00,0x00},  /* U+0380 */
    {0x00,0x00,0x7E,0x42,0x42,0x5A,0x5A,0x42,0x42,0x5A,0x5A,0x42,0x42,0x7E,0x00,0x00},  /* U+0381 */
    {0x00,0x00,0x7E,0x42,0x42,0x5A,0x5A,0x42,0x42,0x5A,0x5A,0x42,0x42,0x7E,0x00,0x00},  /* U+0382 */
    {0x00,0x00,0x7E,0x42,0x42,0x5A,0x5A,0x42,0x42,0x5A,0x5A,0x42,0x42,0x7E,0x00,0x00},  /* U+0383 */
    {0x00,0x04,0x08,0x10,0x00,0x00,0x00,0x00,0x00,0x00,0x00,0x00,0x00,0x00,0x00,0x00},  /* U+0384 */
    {0x04,0x08,0x54,0x44,0x00,0x00,0x00,0x00,0x00,0x00,0x00,0x00,0x00,0x00,0x00,0x00},  /* U+0385 */
    {0x00,0x00,0x20,0x40,0x98,0x24,0x24,0x42,0x42,0x7E,0x42,0x42,0x42,0x42,0x00,0x00},  /* U+0386 */
    {0x00,0x00,0x00,0x00,0x00,0x00,0x00,0x00,0x18,0x18,0x00,0x00,0x00,0x00,0x00,0x00},  /* U+0387 */
    {0x00,0x00,0x20,0x40,0xBF,0x20,0x20,0x20,0x3E,0x20,0x20,0x20,0x20,0x3F,0x00,0x00},  /* U+0388 */
    {0x00,0x00,0x20,0x40,0xA1,0x21,0x21,0x21,0x3F,0x21,0x21,0x21,0x21,0x21,0x00,0x00},  /* U+0389 */
    {0x00,0x00,0x20,0x40,0xBE,0x08,0x08,0x08,0x08,0x08,0x08,0x08,0x08,0x3E,0x00,0x00},  /* U+038A */
    {0x00,0x00,0x7E,0x42,0x42,0x5A,0x5A,0x42,0x42,0x5A,0x5A,0x42,0x42,0x7E,0x00,0x00},  /* U+038B */
    {0x00,0x00,0x20,0x40,0xBC,0x42,0x42,0x42,0x42,0x42,0x42,0x42,0x42,0x3C,0x00,0x00},  /* U+038C */
    {0x00,0x00,0x7E,0x42,0x42,0x5A,0x5A,0x42,0x42,0x5A,0x5A,0x42,0x42,0x7E,0x00,0x00},  /* U+038D */
    {0x00,0x00,0x20,0x40,0xC1,0x41,0x22,0x22,0x14,0x08,0x08,0x08,0x08,0x08,0x00,0x00},  /* U+038E */
    {0x00,0x00,0x20,0x40,0xBE,0x41,0x41,0x41,0x41,0x41,0x22,0x14,0x14,0x77,0x00,0x00},  /* U+038F */
    {0x04,0x08,0x10,0x44,0x44,0x00,0x30,0x10,0x10,0x10,0x10,0x10,0x10,0x0C,0x00,0x00},  /* U+0390 */
    {0x00,0x00,0x00,0x00,0x18,0x24,0x24,0x42,0x42,0x7E,0x42,0x42,0x42,0x42,0x00,0x00},  /* U+0391 */
    {0x00,0x00,0x00,0x00,0x7C,0x42,0x42,0x42,0x7C,0x42,0x42,0x42,0x42,0x7C,0x00,0x00},  /* U+0392 */
    {0x00,0x00,0x00,0x00,0x7E,0x42,0x40,0x40,0x40,0x40,0x40,0x40,0x40,0x40,0x00,0x00},  /* U+0393 */
    {0x00,0x00,0x00,0x00,0x08,0x08,0x14,0x14,0x22,0x22,0x22,0x41,0x41,0x7F,0x00,0x00},  /* U+0394 */
    {0x00,0x00,0x00,0x00,0x7E,0x40,0x40,0x40,0x7C,0x40,0x40,0x40,0x40,0x7E,0x00,0x00},  /* U+0395 */
    {0x00,0x00,0x00,0x00,0x7E,0x02,0x02,0x04,0x08,0x10,0x20,0x40,0x40,0x7E,0x00,0x00},  /* U+0396 */
    {0x00,0x00,0x00,0x00,0x42,0x42,0x42,0x42,0x7E,0x42,0x42,0x42,0x42,0x42,0x00,0x00},  /* U+0397 */
    {0x00,0x00,0x00,0x00,0x3C,0x42,0x42,0x42,0x5A,0x5A,0x42,0x42,0x42,0x3C,0x00,0x00},  /* U+0398 */
    {0x00,0x00,0x00,0x00,0x3E,0x08,0x08,0x08,0x08,0x08,0x08,0x08,0x08,0x3E,0x00,0x00},  /* U+0399 */
    {0x00,0x00,0x00,0x00,0x42,0x44,0x48,0x50,0x60,0x60,0x50,0x48,0x44,0x42,0x00,0x00},  /* U+039A */
    {0x00,0x00,0x00,0x00,0x08,0x08,0x14,0x14,0x22,0x22,0x22,0x41,0x41,0x41,0x00,0x00},  /* U+039B */
    {0x00,0x00,0x00,0x00,0x42,0x42,0x66,0x66,0x5A,0x5A,0x42,0x42,0x42,0x42,0x00,0x00},  /* U+039C */
    {0x00,0x00,0x00,0x00,0x42,0x62,0x62,0x52,0x52,0x4A,0x4A,0x46,0x46,0x42,0x00,0x00},  /* U+039D */
    {0x00,0x00,0x00,0x00,0x7E,0x00,0x00,0x00,0x3C,0x00,0x00,0x00,0x00,0x7E,0x00,0x00},  /* U+039E */
    {0x00,0x00,0x00,0x00,0x3C,0x42,0x42,0x42,0x42,0x42,0x42,0x42,0x42,0x3C,0x00,0x00},  /* U+039F */
    {0x00,0x00,0x00,0x00,0x7F,0x22,0x22,0x22,0x22,0x22,0x22,0x22,0x22,0x22,0x00,0x00},  /* U+03A0 */
    {0x00,0x00,0x00,0x00,0x7C,0x42,0x42,0x42,0x7C,0x40,0x40,0x40,0x40,0x40,0x00,0x00},  /* U+03A1 */
    {0x00,0x00,0x7E,0x42,0x42,0x5A,0x5A,0x42,0x42,0x5A,0x5A,0x42,0x42,0x7E,0x00,0x00},  /* U+03A2 */
    {0x00,0x00,0x00,0x00,0x7E,0x40,0x20,0x10,0x08,0x08,0x10,0x20,0x40,0x7E,0x00,0x00},  /* U+03A3 */
    {0x00,0x00,0x00,0x00,0x7F,0x08,0x08,0x08,0x08,0x08,0x08,0x08,0x08,0x08,0x00,0x00},  /* U+03A4 */
    {0x00,0x00,0x00,0x00,0x41,0x41,0x22,0x22,0x14,0x08,0x08,0x08,0x08,0x08,0x00,0x00},  /* U+03A5 */
    {0x00,0x00,0x00,0x00,0x7F,0x08,0x3E,0x49,0x49,0x49,0x49,0x3E,0x08,0x7F,0x00,0x00},  /* U+03A6 */
    {0x00,0x00,0x00,0x00,0x42,0x42,0x24,0x24,0x18,0x18,0x24,0x24,0x42,0x42,0x00,0x00},  /* U+03A7 */
    {0x00,0x00,0x00,0x00,0x49,0x49,0x49,0x49,0x49,0x3E,0x08,0x08,0x08,0x08,0x00,0x00},  /* U+03A8 */
    {0x00,0x00,0x00,0x00,0x3E,0x41,0x41,0x41,0x41,0x41,0x22,0x14,0x14,0x77,0x00,0x00},  /* U+03A9 */
    {0x24,0x24,0x00,0x00,0x3E,0x08,0x08,0x08,0x08,0x08,0x08,0x08,0x08,0x3E,0x00,0x00},  /* U+03AA */
    {0x24,0x24,0x00,0x00,0x41,0x41,0x22,0x22,0x14,0x08,0x08,0x08,0x08,0x08,0x00,0x00},  /* U+03AB */
    {0x00,0x04,0x08,0x10,0x00,0x00,0x32,0x4A,0x44,0x44,0x44,0x44,0x4A,0x32,0x00,0x00},  /* U+03AC */
    {0x00,0x04,0x08,0x10,0x00,0x00,0x3E,0x40,0x40,0x3C,0x40,0x40,0x40,0x3E,0x00,0x00},  /* U+03AD */
    {0x00,0x04,0x08,0x10,0x00,0x00,0x5C,0x62,0x42,0x42,0x42,0x42,0x42,0x42,0x02,0x02},  /* U+03AE */
    {0x00,0x04,0x08,0x10,0x00,0x00,0x30,0x10,0x10,0x10,0x10,0x10,0x10,0x0C,0x00,0x00},  /* U+03AF */
    {0x04,0x08,0x10,0x44,0x44,0x00,0x42,0x42,0x42,0x42,0x42,0x42,0x42,0x3C,0x00,0x00},  /* U+03B0 */
    {0x00,0x00,0x00,0x00,0x00,0x00,0x32,0x4A,0x44,0x44,0x44,0x44,0x4A,0x32,0x00,0x00},  /* U+03B1 */
    {0x00,0x00,0x00,0x00,0x38,0x44,0x44,0x44,0x7C,0x42,0x42,0x42,0x62,0x5C,0x40,0x40},  /* U+03B2 */
    {0x00,0x00,0x00,0x00,0x00,0x00,0x42,0x22,0x22,0x14,0x14,0x14,0x08,0x08,0x08,0x08},  /* U+03B3 */
    {0x00,0x00,0x00,0x00,0x1C,0x20,0x20,0x20,0x18,0x24,0x42,0x42,0x42,0x3C,0x00,0x00},  /* U+03B4 */
    {0x00,0x00,0x00,0x00,0x00,0x00,0x3C,0x42,0x40,0x3C,0x40,0x40,0x42,0x3C,0x00,0x00},  /* U+03B5 */
    {0x00,0x00,0x00,0x00,0x7F,0x06,0x18,0x20,0x20,0x40,0x40,0x40,0x20,0x1C,0x02,0x1C},  /* U+03B6 */
    {0x00,0x00,0x00,0x00,0x00,0x00,0x5C,0x62,0x42,0x42,0x42,0x42,0x42,0x42,0x02,0x02},  /* U+03B7 */
    {0x00,0x00,0x00,0x00,0x18,0x24,0x42,0x42,0x7E,0x42,0x42,0x42,0x24,0x18,0x00,0x00},  /* U+03B8 */
    {0x00,0x00,0x00,0x00,0x00,0x00,0x30,0x10,0x10,0x10,0x10,0x10,0x10,0x0C,0x00,0x00},  /* U+03B9 */
    {0x00,0x00,0x00,0x00,0x00,0x00,0x22,0x24,0x28,0x30,0x30,0x28,0x24,0x22,0x00,0x00},  /* U+03BA */
    {0x00,0x00,0x00,0x00,0x20,0x20,0x10,0x10,0x08,0x18,0x24,0x24,0x42,0x42,0x00,0x00},  /* U+03BB */
    {0x00,0x00,0x00,0x00,0x00,0x00,0x42,0x42,0x42,0x42,0x42,0x42,0x66,0x59,0x40,0x40},  /* U+03BC */
    {0x00,0x00,0x00,0x00,0x00,0x00,0x42,0x42,0x42,0x44,0x44,0x48,0x50,0x60,0x00,0x00},  /* U+03BD */
    {0x00,0x00,0x00,0x00,0x7E,0x30,0x40,0x40,0x38,0x40,0x40,0x40,0x20,0x1C,0x02,0x1C},  /* U+03BE */
    {0x00,0x00,0x00,0x00,0x00,0x00,0x3C,0x42,0x42,0x42,0x42,0x42,0x42,0x3C,0x00,0x00},  /* U+03BF */
    {0x00,0x00,0x00,0x00,0x00,0x00,0x7E,0x24,0x24,0x24,0x24,0x24,0x24,0x24,0x00,0x00},  /* U+03C0 */
    {0x00,0x00,0x00,0x00,0x00,0x00,0x3C,0x42,0x42,0x42,0x42,0x42,0x62,0x5C,0x40,0x40},  /* U+03C1 */
    {0x00,0x00,0x00,0x00,0x00,0x00,0x1E,0x20,0x40,0x40,0x40,0x40,0x20,0x1C,0x02,0x1C},  /* U+03C2 */
    {0x00,0x00,0x00,0x00,0x00,0x00,0x3F,0x48,0x44,0x44,0x44,0x44,0x44,0x38,0x00,0x00},  /* U+03C3 */
    {0x00,0x00,0x00,0x00,0x00,0x00,0x7E,0x10,0x10,0x10,0x10,0x10,0x10,0x0C,0x00,0x00},  /* U+03C4 */
    {0x00,0x00,0x00,0x00,0x00,0x00,0x42,0x42,0x42,0x42,0x42,0x42,0x42,0x3C,0x00,0x00},  /* U+03C5 */
    {0x00,0x00,0x00,0x00,0x00,0x00,0x26,0x49,0x49,0x49,0x49,0x49,0x49,0x3E,0x08,0x08},  /* U+03C6 */
    {0x00,0x00,0x00,0x00,0x00,0x00,0xC1,0x21,0x12,0x14,0x18,0x28,0x48,0x44,0x84,0x83},  /* U+03C7 */
    {0x00,0x00,0x00,0x00,0x00,0x00,0x49,0x49,0x49,0x49,0x49,0x49,0x49,0x3E,0x08,0x08},  /* U+03C8 */
    {0x00,0x00,0x00,0x00,0x00,0x00,0x22,0x41,0x41,0x49,0x49,0x49,0x49,0x36,0x00,0x00},  /* U+03C9 */
    {0x00,0x00,0x24,0x24,0x00,0x00,0x30,0x10,0x10,0x10,0x10,0x10,0x10,0x0C,0x00,0x00},  /* U+03CA */
    {0x00,0x00,0x24,0x24,0x00,0x00,0x42,0x42,0x42,0x42,0x42,0x42,0x42,0x3C,0x00,0x00},  /* U+03CB */
    {0x00,0x04,0x08,0x10,0x00,0x00,0x3C,0x42,0x42,0x42,0x42,0x42,0x42,0x3C,0x00,0x00},  /* U+03CC */
    {0x00,0x04,0x08,0x10,0x00,0x00,0x42,0x42,0x42,0x42,0x42,0x42,0x42,0x3C,0x00,0x00},  /* U+03CD */
    {0x00,0x04,0x08,0x10,0x00,0x00,0x22,0x41,0x41,0x49,0x49,0x49,0x49,0x36,0x00,0x00},  /* U+03CE */
    {0x00,0x00,0x00,0x00,0x42,0x44,0x48,0x50,0x60,0x60,0x50,0x48,0x44,0x42,0x04,0x08},  /* U+03CF */
    {0x00,0x00,0x00,0x00,0x1C,0x22,0x42,0x44,0x78,0x44,0x42,0x42,0x44,0x38,0x00,0x00},  /* U+03D0 */
    {0x00,0x00,0x00,0x00,0x0C,0x12,0x12,0x12,0x0F,0x22,0x62,0x22,0x22,0x1C,0x00,0x00},  /* U+03D1 */
    {0x00,0x00,0x00,0x00,0x36,0x55,0x14,0x14,0x08,0x08,0x08,0x08,0x08,0x1C,0x00,0x00},  /* U+03D2 */
    {0x00,0x00,0x20,0x40,0xB6,0x55,0x14,0x14,0x08,0x08,0x08,0x08,0x08,0x1C,0x00,0x00},  /* U+03D3 */
    {0x00,0x36,0x36,0x00,0x36,0x55,0x14,0x14,0x08,0x08,0x08,0x08,0x08,0x1C,0x00,0x00},  /* U+03D4 */
    {0x00,0x00,0x00,0x00,0x08,0x08,0x3E,0x49,0x49,0x49,0x49,0x49,0x49,0x3E,0x08,0x08},  /* U+03D5 */
    {0x00,0x00,0x00,0x00,0x00,0x00,0x7F,0x22,0x41,0x41,0x49,0x49,0x49,0x36,0x00,0x00},  /* U+03D6 */
    {0x00,0x00,0x00,0x00,0x00,0x00,0x82,0x44,0x2C,0x2C,0x34,0x34,0x22,0x41,0x02,0x0C},  /* U+03D7 */
    {0x00,0x00,0x00,0x00,0x3C,0x42,0x42,0x42,0x42,0x42,0x42,0x42,0x42,0x3C,0x18,0x3C},  /* U+03D8 */
    {0x00,0x00,0x00,0x00,0x00,0x00,0x3C,0x42,0x42,0x42,0x42,0x42,0x42,0x3C,0x18,0x18},  /* U+03D9 */
    {0x00,0x00,0x00,0x00,0x1C,0x22,0x41,0x40,0x40,0x40,0x40,0x40,0x20,0x1C,0x02,0x1C},  /* U+03DA */
    {0x00,0x00,0x00,0x00,0x01,0x02,0x1C,0x20,0x40,0x40,0x40,0x40,0x20,0x1C,0x02,0x1C},  /* U+03DB */
    {0x00,0x00,0x00,0x00,0x7E,0x40,0x40,0x40,0x7C,0x44,0x44,0x40,0x40,0x40,0x00,0x00},  /* U+03DC */
    {0x00,0x00,0x00,0x00,0x00,0x00,0x7E,0x40,0x40,0x40,0x7C,0x44,0x44,0x40,0x40,0x40},  /* U+03DD */
    {0x00,0x00,0x00,0x00,0x60,0x20,0x20,0x20,0x20,0x3E,0x04,0x04,0x08,0x08,0x00,0x00},  /* U+03DE */
    {0x00,0x00,0x00,0x00,0x00,0x00,0x20,0x10,0x10,0x22,0x3C,0x44,0x08,0x08,0x08,0x06},  /* U+03DF */
    {0x00,0x00,0x00,0x00,0x78,0x84,0x0C,0x12,0x22,0x06,0x0A,0x12,0x02,0x04,0x00,0x00},  /* U+03E0 */
    {0x00,0x00,0x00,0x00,0x00,0x00,0x30,0x08,0x0C,0x14,0x22,0x06,0x0A,0x12,0x02,0x04},  /* U+03E1 */
    {0x00,0x00,0x00,0x00,0x44,0x92,0x92,0x92,0x92,0x92,0x92,0x92,0x92,0x6E,0x02,0x1C},  /* U+03E2 */
    {0x00,0x00,0x00,0x00,0x00,0x00,0x44,0x92,0x92,0x92,0x92,0x92,0x92,0x6E,0x02,0x1C},  /* U+03E3 */
    {0x00,0x00,0x00,0x00,0x22,0x42,0x42,0x42,0x42,0x46,0x3A,0x02,0x02,0x02,0x02,0x02},  /* U+03E4 */
    {0x00,0x00,0x00,0x00,0x00,0x00,0x12,0x22,0x22,0x22,0x22,0x1E,0x02,0x02,0x02,0x02},  /* U+03E5 */
    {0x00,0x00,0x00,0x00,0x40,0x40,0x40,0x5C,0x62,0x41,0x41,0x41,0x41,0x41,0x02,0x1C},  /* U+03E6 */
    {0x00,0x00,0x00,0x00,0x00,0x00,0x40,0x40,0x40,0x5C,0x62,0x41,0x41,0x41,0x02,0x1C},  /* U+03E7 */
    {0x00,0x00,0x00,0x00,0x3C,0x42,0x42,0x02,0x04,0x08,0x10,0x20,0x40,0x40,0x43,0x3C},  /* U+03E8 */
    {0x00,0x00,0x00,0x00,0x00,0x00,0x3C,0x42,0x42,0x04,0x08,0x10,0x20,0x40,0x43,0x3C},  /* U+03E9 */
    {0x00,0x00,0x00,0x00,0xC3,0xA5,0x24,0x18,0x18,0x24,0x24,0x42,0x42,0x7E,0x81,0x00},  /* U+03EA */
    {0x00,0x00,0x00,0x00,0x00,0x00,0x24,0x5A,0x18,0x18,0x18,0x24,0x42,0x7E,0x00,0x00},  /* U+03EB */
    {0x00,0x00,0x00,0x00,0x3E,0x41,0x40,0x5C,0x62,0x42,0x42,0x42,0x42,0x3C,0x00,0x00},  /* U+03EC */
    {0x00,0x00,0x00,0x00,0x00,0x00,0x3E,0x41,0x40,0x5C,0x62,0x42,0x42,0x3C,0x00,0x00},  /* U+03ED */
    {0x00,0x00,0x00,0x00,0x10,0x10,0xFE,0x92,0x10,0x10,0x10,0x10,0x10,0x10,0x10,0x10},  /* U+03EE */
    {0x00,0x00,0x00,0x00,0x00,0x00,0x10,0x10,0xFE,0x92,0x10,0x10,0x10,0x10,0x10,0x10},  /* U+03EF */
    {0x00,0x00,0x00,0x00,0x00,0x00,0x82,0x44,0x2C,0x2C,0x34,0x34,0x22,0x41,0x00,0x00},  /* U+03F0 */
    {0x00,0x00,0x00,0x00,0x00,0x00,0x3C,0x42,0x42,0x42,0x7C,0x40,0x40,0x3C,0x02,0x00},  /* U+03F1 */
    {0x00,0x00,0x00,0x00,0x00,0x00,0x3C,0x42,0x40,0x40,0x40,0x40,0x42,0x3C,0x00,0x00},  /* U+03F2 */
    {0x00,0x00,0x00,0x04,0x04,0x00,0x0C,0x04,0x04,0x04,0x04,0x04,0x04,0x04,0x48,0x30},  /* U+03F3 */
    {0x00,0x00,0x00,0x00,0x3C,0x42,0x42,0x42,0x7E,0x42,0x42,0x42,0x42,0x3C,0x00,0x00},  /* U+03F4 */
    {0x00,0x00,0x00,0x00,0x00,0x00,0x1C,0x20,0x40,0x78,0x40,0x40,0x20,0x1C,0x00,0x00},  /* U+03F5 */
    {0x00,0x00,0x00,0x00,0x00,0x00,0x70,0x08,0x04,0x3C,0x04,0x04,0x08,0x70,0x00,0x00},  /* U+03F6 */
    {0x00,0x00,0x00,0x00,0x40,0x78,0x44,0x42,0x42,0x42,0x42,0x42,0x44,0x78,0x40,0x40},  /* U+03F7 */
    {0x00,0x00,0x00,0x00,0x40,0x40,0x5C,0x62,0x42,0x42,0x42,0x42,0x62,0x5C,0x40,0x40},  /* U+03F8 */
    {0x00,0x00,0x00,0x00,0x3C,0x42,0x42,0x40,0x40,0x40,0x40,0x42,0x42,0x3C,0x00,0x00},  /* U+03F9 */
    {0x00,0x00,0x00,0x00,0x42,0x42,0x66,0x66,0x5A,0x5A,0x42,0x42,0x42,0x42,0x00,0x00},  /* U+03FA */
    {0x00,0x00,0x00,0x00,0x00,0x00,0x44,0x6C,0x6C,0x54,0x44,0x44,0x44,0x43,0x40,0x40},  /* U+03FB */
    {0x00,0x00,0x00,0x00,0x00,0x00,0x3C,0x42,0x42,0x42,0x42,0x62,0x5C,0x40,0xF8,0x40},  /* U+03FC */
    {0x00,0x00,0x00,0x00,0x3C,0x42,0x42,0x02,0x02,0x02,0x02,0x42,0x42,0x3C,0x00,0x00},  /* U+03FD */
    {0x00,0x00,0x00,0x00,0x3C,0x42,0x42,0x40,0x58,0x58,0x40,0x42,0x42,0x3C,0x00,0x00},  /* U+03FE */
    {0x00,0x00,0x00,0x00,0x3C,0x42,0x42,0x02,0x1A,0x1A,0x02,0x42,0x42,0x3C,0x00,0x00},  /* U+03FF */
    {0x00,0x30,0x0C,0x00,0x7E,0x40,0x40,0x40,0x7C,0x40,0x40,0x40,0x40,0x7E,0x00,0x00},  /* U+0400 */
    {0x24,0x24,0x00,0x00,0x7E,0x40,0x40,0x40,0x7C,0x40,0x40,0x40,0x40,0x7E,0x00,0x00},  /* U+0401 */
    {0x00,0x00,0x00,0x00,0x7E,0x10,0x10,0x10,0x1E,0x11,0x11,0x11,0x11,0x16,0x00,0x00},  /* U+0402 */
    {0x0C,0x30,0x00,0x00,0x7E,0x40,0x40,0x40,0x40,0x40,0x40,0x40,0x40,0x40,0x00,0x00},  /* U+0403 */
    {0x00,0x00,0x00,0x00,0x1C,0x22,0x40,0x40,0x7C,0x40,0x40,0x40,0x22,0x1C,0x00,0x00},  /* U+0404 */
    {0x00,0x00,0x00,0x00,0x3C,0x42,0x42,0x40,0x30,0x0C,0x02,0x42,0x42,0x3C,0x00,0x00},  /* U+0405 */
    {0x00,0x00,0x00,0x00,0x3E,0x08,0x08,0x08,0x08,0x08,0x08,0x08,0x08,0x3E,0x00,0x00},  /* U+0406 */
    {0x24,0x24,0x00,0x00,0x3E,0x08,0x08,0x08,0x08,0x08,0x08,0x08,0x08,0x3E,0x00,0x00},  /* U+0407 */
    {0x00,0x00,0x00,0x00,0x0E,0x04,0x04,0x04,0x04,0x04,0x04,0x44,0x44,0x38,0x00,0x00},  /* U+0408 */
    {0x00,0x00,0x00,0x00,0x78,0x48,0x48,0x48,0x4E,0x49,0x49,0x49,0x49,0x8E,0x00,0x00},  /* U+0409 */
    {0x00,0x00,0x00,0x00,0x48,0x48,0x48,0x48,0x7E,0x49,0x49,0x49,0x49,0x4E,0x00,0x00},  /* U+040A */
    {0x00,0x00,0x00,0x00,0x7E,0x10,0x10,0x10,0x1E,0x11,0x11,0x11,0x11,0x11,0x00,0x00},  /* U+040B */
    {0x0C,0x30,0x00,0x00,0x46,0x48,0x48,0x50,0x50,0x60,0x50,0x48,0x44,0x42,0x00,0x00},  /* U+040C */
    {0x00,0x30,0x0C,0x00,0x42,0x46,0x46,0x4A,0x4A,0x52,0x52,0x62,0x62,0x42,0x00,0x00},  /* U+040D */
    {0x42,0x42,0x3C,0x00,0x41,0x41,0x22,0x22,0x14,0x14,0x08,0x08,0x10,0x30,0x00,0x00},  /* U+040E */
    {0x00,0x00,0x00,0x00,0x41,0x41,0x41,0x41,0x41,0x41,0x41,0x41,0x41,0x7F,0x08,0x08},  /* U+040F */
    {0x00,0x00,0x00,0x00,0x18,0x24,0x24,0x42,0x42,0x7E,0x42,0x42,0x42,0x42,0x00,0x00},  /* U+0410 */
    {0x00,0x00,0x00,0x00,0x7C,0x40,0x40,0x40,0x7C,0x42,0x42,0x42,0x42,0x7C,0x00,0x00},  /* U+0411 */
    {0x00,0x00,0x00,0x00,0x7C,0x42,0x42,0x42,0x7C,0x42,0x42,0x42,0x42,0x7C,0x00,0x00},  /* U+0412 */
    {0x00,0x00,0x00,0x00,0x7E,0x40,0x40,0x40,0x40,0x40,0x40,0x40,0x40,0x40,0x00,0x00},  /* U+0413 */
    {0x00,0x00,0x00,0x00,0x0E,0x12,0x12,0x12,0x22,0x22,0x22,0x42,0x42,0xFF,0x81,0x81},  /* U+0414 */
    {0x00,0x00,0x00,0x00,0x7E,0x40,0x40,0x40,0x7C,0x40,0x40,0x40,0x40,0x7E,0x00,0x00},  /* U+0415 */
    {0x00,0x00,0x00,0x00,0x49,0x49,0x2A,0x2A,0x1C,0x1C,0x2A,0x2A,0x49,0x49,0x00,0x00},  /* U+0416 */
    {0x00,0x00,0x00,0x00,0x3C,0x42,0x02,0x02,0x3C,0x04,0x02,0x02,0x42,0x3C,0x00,0x00},  /* U+0417 */
    {0x00,0x00,0x00,0x00,0x42,0x46,0x46,0x4A,0x4A,0x52,0x52,0x62,0x62,0x42,0x00,0x00},  /* U+0418 */
    {0x00,0x24,0x18,0x00,0x42,0x46,0x46,0x4A,0x4A,0x52,0x52,0x62,0x62,0x42,0x00,0x00},  /* U+0419 */
    {0x00,0x00,0x00,0x00,0x46,0x48,0x48,0x50,0x50,0x60,0x50,0x48,0x44,0x42,0x00,0x00},  /* U+041A */
    {0x00,0x00,0x00,0x00,0x1E,0x12,0x12,0x12,0x12,0x12,0x12,0x22,0x22,0x42,0x00,0x00},  /* U+041B */
    {0x00,0x00,0x00,0x00,0x42,0x42,0x66,0x66,0x5A,0x5A,0x42,0x42,0x42,0x42,0x00,0x00},  /* U+041C */
    {0x00,0x00,0x00,0x00,0x42,0x42,0x42,0x42,0x7E,0x42,0x42,0x42,0x42,0x42,0x00,0x00},  /* U+041D */
    {0x00,0x00,0x00,0x00,0x3C,0x42,0x42,0x42,0x42,0x42,0x42,0x42,0x42,0x3C,0x00,0x00},  /* U+041E */
    {0x00,0x00,0x00,0x00,0x7E,0x42,0x42,0x42,0x42,0x42,0x42,0x42,0x42,0x42,0x00,0x00},  /* U+041F */
    {0x00,0x00,0x00,0x00,0x7C,0x42,0x42,0x42,0x7C,0x40,0x40,0x40,0x40,0x40,0x00,0x00},  /* U+0420 */
    {0x00,0x00,0x00,0x00,0x3C,0x42,0x42,0x40,0x40,0x40,0x40,0x42,0x42,0x3C,0x00,0x00},  /* U+0421 */
    {0x00,0x00,0x00,0x00,0x7F,0x08,0x08,0x08,0x08,0x08,0x08,0x08,0x08,0x08,0x00,0x00},  /* U+0422 */
    {0x00,0x00,0x00,0x00,0x41,0x41,0x22,0x22,0x14,0x14,0x08,0x08,0x10,0x30,0x00,0x00},  /* U+0423 */
    {0x00,0x00,0x00,0x08,0x3E,0x49,0x49,0x49,0x49,0x49,0x3E,0x08,0x08,0x08,0x00,0x00},  /* U+0424 */
    {0x00,0x00,0x00,0x00,0x42,0x42,0x24,0x24,0x18,0x18,0x24,0x24,0x42,0x42,0x00,0x00},  /* U+0425 */
    {0x00,0x00,0x00,0x00,0x42,0x42,0x42,0x42,0x42,0x42,0x42,0x42,0x42,0x7F,0x01,0x01},  /* U+0426 */
    {0x00,0x00,0x00,0x00,0x42,0x42,0x42,0x42,0x42,0x46,0x3A,0x02,0x02,0x02,0x00,0x00},  /* U+0427 */
    {0x00,0x00,0x00,0x00,0x49,0x49,0x49,0x49,0x49,0x49,0x49,0x49,0x49,0x7F,0x00,0x00},  /* U+0428 */
    {0x00,0x00,0x00,0x00,0x92,0x92,0x92,0x92,0x92,0x92,0x92,0x92,0x92,0xFF,0x01,0x01},  /* U+0429 */
    {0x00,0x00,0x00,0x00,0x70,0x10,0x10,0x10,0x1E,0x11,0x11,0x11,0x11,0x1E,0x00,0x00},  /* U+042A */
    {0x00,0x00,0x00,0x00,0x42,0x42,0x42,0x42,0x72,0x4A,0x4A,0x4A,0x4A,0x72,0x00,0x00},  /* U+042B */
    {0x00,0x00,0x00,0x00,0x40,0x40,0x40,0x40,0x7C,0x42,0x42,0x42,0x42,0x7C,0x00,0x00},  /* U+042C */
    {0x00,0x00,0x00,0x00,0x38,0x44,0x02,0x02,0x3E,0x02,0x02,0x02,0x44,0x38,0x00,0x00},  /* U+042D */
    {0x00,0x00,0x00,0x00,0x4C,0x52,0x52,0x52,0x72,0x52,0x52,0x52,0x52,0x4C,0x00,0x00},  /* U+042E */
    {0x00,0x00,0x00,0x00,0x3E,0x42,0x42,0x42,0x3E,0x12,0x22,0x22,0x42,0x42,0x00,0x00},  /* U+042F */
    {0x00,0x00,0x00,0x00,0x00,0x00,0x3C,0x42,0x02,0x3E,0x42,0x42,0x46,0x3A,0x00,0x00},  /* U+0430 */
    {0x00,0x00,0x02,0x1C,0x20,0x40,0x7C,0x42,0x42,0x42,0x42,0x42,0x42,0x3C,0x00,0x00},  /* U+0431 */
    {0x00,0x00,0x00,0x00,0x00,0x00,0x7C,0x42,0x42,0x7C,0x42,0x42,0x42,0x7C,0x00,0x00},  /* U+0432 */
    {0x00,0x00,0x00,0x00,0x00,0x00,0x7E,0x40,0x40,0x40,0x40,0x40,0x40,0x40,0x00,0x00},  /* U+0433 */
    {0x00,0x00,0x00,0x00,0x00,0x00,0x1E,0x12,0x22,0x22,0x42,0x42,0x42,0x7F,0x41,0x00},  /* U+0434 */
    {0x00,0x00,0x00,0x00,0x00,0x00,0x3C,0x42,0x42,0x7E,0x40,0x40,0x42,0x3C,0x00,0x00},  /* U+0435 */
    {0x00,0x00,0x00,0x00,0x00,0x00,0x49,0x49,0x2A,0x1C,0x1C,0x2A,0x49,0x49,0x00,0x00},  /* U+0436 */
    {0x00,0x00,0x00,0x00,0x00,0x00,0x3C,0x42,0x02,0x3C,0x04,0x02,0x42,0x3C,0x00,0x00},  /* U+0437 */
    {0x00,0x00,0x00,0x00,0x00,0x00,0x46,0x46,0x4A,0x4A,0x52,0x52,0x62,0x62,0x00,0x00},  /* U+0438 */
    {0x00,0x00,0x24,0x18,0x00,0x00,0x46,0x46,0x4A,0x4A,0x52,0x52,0x62,0x62,0x00,0x00},  /* U+0439 */
    {0x00,0x00,0x00,0x00,0x00,0x00,0x46,0x48,0x50,0x60,0x50,0x48,0x44,0x42,0x00,0x00},  /* U+043A */
    {0x00,0x00,0x00,0x00,0x00,0x00,0x1E,0x12,0x12,0x12,0x12,0x22,0x22,0x42,0x00,0x00},  /* U+043B */
    {0x00,0x00,0x00,0x00,0x00,0x00,0x42,0x66,0x66,0x5A,0x5A,0x42,0x42,0x42,0x00,0x00},  /* U+043C */
    {0x00,0x00,0x00,0x00,0x00,0x00,0x42,0x42,0x42,0x7E,0x42,0x42,0x42,0x42,0x00,0x00},  /* U+043D */
    {0x00,0x00,0x00,0x00,0x00,0x00,0x3C,0x42,0x42,0x42,0x42,0x42,0x42,0x3C,0x00,0x00},  /* U+043E */
    {0x00,0x00,0x00,0x00,0x00,0x00,0x7E,0x42,0x42,0x42,0x42,0x42,0x42,0x42,0x00,0x00},  /* U+043F */
    {0x00,0x00,0x00,0x00,0x00,0x00,0x5C,0x62,0x42,0x42,0x42,0x42,0x62,0x5C,0x40,0x40},  /* U+0440 */
    {0x00,0x00,0x00,0x00,0x00,0x00,0x3C,0x42,0x40,0x40,0x40,0x40,0x42,0x3C,0x00,0x00},  /* U+0441 */
    {0x00,0x00,0x00,0x00,0x00,0x00,0x7F,0x08,0x08,0x08,0x08,0x08,0x08,0x08,0x00,0x00},  /* U+0442 */
    {0x00,0x00,0x00,0x00,0x00,0x00,0x42,0x42,0x24,0x24,0x18,0x18,0x10,0x10,0x20,0x60},  /* U+0443 */
    {0x00,0x00,0x00,0x08,0x08,0x08,0x3E,0x49,0x49,0x49,0x49,0x49,0x49,0x3E,0x08,0x08},  /* U+0444 */
    {0x00,0x00,0x00,0x00,0x00,0x00,0x42,0x42,0x24,0x18,0x18,0x24,0x42,0x42,0x00,0x00},  /* U+0445 */
    {0x00,0x00,0x00,0x00,0x00,0x00,0x42,0x42,0x42,0x42,0x42,0x42,0x42,0x7F,0x01,0x01},  /* U+0446 */
    {0x00,0x00,0x00,0x00,0x00,0x00,0x42,0x42,0x42,0x42,0x46,0x3A,0x02,0x02,0x00,0x00},  /* U+0447 */
    {0x00,0x00,0x00,0x00,0x00,0x00,0x49,0x49,0x49,0x49,0x49,0x49,0x49,0x7F,0x00,0x00},  /* U+0448 */
    {0x00,0x00,0x00,0x00,0x00,0x00,0x92,0x92,0x92,0x92,0x92,0x92,0x92,0xFF,0x01,0x01},  /* U+0449 */
    {0x00,0x00,0x00,0x00,0x00,0x00,0x70,0x10,0x10,0x1E,0x11,0x11,0x11,0x1E,0x00,0x00},  /* U+044A */
    {0x00,0x00,0x00,0x00,0x00,0x00,0x42,0x42,0x42,0x72,0x4A,0x4A,0x4A,0x72,0x00,0x00},  /* U+044B */
    {0x00,0x00,0x00,0x00,0x00,0x00,0x40,0x40,0x40,0x7C,0x42,0x42,0x42,0x7C,0x00,0x00},  /* U+044C */
    {0x00,0x00,0x00,0x00,0x00,0x00,0x38,0x44,0x02,0x3E,0x02,0x02,0x44,0x38,0x00,0x00},  /* U+044D */
    {0x00,0x00,0x00,0x00,0x00,0x00,0x4C,0x52,0x52,0x72,0x52,0x52,0x52,0x4C,0x00,0x00},  /* U+044E */
    {0x00,0x00,0x00,0x00,0x00,0x00,0x3E,0x42,0x42,0x42,0x3E,0x12,0x22,0x42,0x00,0x00},  /* U+044F */
    {0x00,0x00,0x30,0x0C,0x00,0x00,0x3C,0x42,0x42,0x7E,0x40,0x40,0x42,0x3C,0x00,0x00},  /* U+0450 */
    {0x00,0x00,0x24,0x24,0x00,0x00,0x3C,0x42,0x42,0x7E,0x40,0x40,0x42,0x3C,0x00,0x00},  /* U+0451 */
    {0x00,0x00,0x00,0x40,0xF0,0x40,0x5C,0x62,0x42,0x42,0x42,0x42,0x42,0x42,0x02,0x0C},  /* U+0452 */
    {0x00,0x00,0x0C,0x30,0x00,0x00,0x7E,0x40,0x40,0x40,0x40,0x40,0x40,0x40,0x00,0x00},  /* U+0453 */
    {0x00,0x00,0x00,0x00,0x00,0x00,0x1C,0x22,0x40,0x7C,0x40,0x40,0x22,0x1C,0x00,0x00},  /* U+0454 */
    {0x00,0x00,0x00,0x00,0x00,0x00,0x3C,0x42,0x40,0x30,0x0C,0x02,0x42,0x3C,0x00,0x00},  /* U+0455 */
    {0x00,0x00,0x00,0x08,0x08,0x00,0x18,0x08,0x08,0x08,0x08,0x08,0x08,0x3E,0x00,0x00},  /* U+0456 */
    {0x00,0x00,0x00,0x24,0x24,0x00,0x18,0x08,0x08,0x08,0x08,0x08,0x08,0x3E,0x00,0x00},  /* U+0457 */
    {0x00,0x00,0x00,0x04,0x04,0x00,0x0C,0x04,0x04,0x04,0x04,0x04,0x04,0x04,0x48,0x30},  /* U+0458 */
    {0x00,0x00,0x00,0x00,0x00,0x00,0x78,0x48,0x48,0x4E,0x49,0x49,0x49,0x8E,0x00,0x00},  /* U+0459 */
    {0x00,0x00,0x00,0x00,0x00,0x00,0x48,0x48,0x48,0x7E,0x49,0x49,0x49,0x4E,0x00,0x00},  /* U+045A */
    {0x00,0x00,0x00,0x40,0xF0,0x40,0x5C,0x62,0x42,0x42,0x42,0x42,0x42,0x42,0x00,0x00},  /* U+045B */
    {0x00,0x00,0x0C,0x30,0x00,0x00,0x46,0x48,0x50,0x60,0x50,0x48,0x44,0x42,0x00,0x00},  /* U+045C */
    {0x00,0x00,0x30,0x0C,0x00,0x00,0x46,0x46,0x4A,0x4A,0x52,0x52,0x62,0x62,0x00,0x00},  /* U+045D */
    {0x00,0x42,0x42,0x3C,0x00,0x00,0x42,0x42,0x24,0x24,0x18,0x18,0x10,0x10,0x20,0x60},  /* U+045E */
    {0x00,0x00,0x00,0x00,0x00,0x00,0x22,0x22,0x22,0x22,0x22,0x22,0x22,0x3E,0x08,0x08},  /* U+045F */
    {0x00,0x00,0x00,0x00,0x49,0x49,0x49,0x49,0x49,0x49,0x49,0x49,0x5A,0x24,0x00,0x00},  /* U+0460 */
    {0x00,0x00,0x00,0x00,0x00,0x00,0x00,0x49,0x49,0x49,0x49,0x49,0x5A,0x24,0x00,0x00},  /* U+0461 */
    {0x00,0x00,0x00,0x00,0x10,0x7C,0x10,0x10,0x1E,0x11,0x11,0x11,0x11,0x1E,0x00,0x00},  /* U+0462 */
    {0x00,0x00,0x00,0x00,0x20,0x20,0x78,0x20,0x20,0x3C,0x22,0x22,0x22,0x3C,0x00,0x00},  /* U+0463 */
    {0x00,0x00,0x00,0x00,0x46,0x49,0x50,0x50,0x7E,0x50,0x50,0x50,0x49,0x46,0x00,0x00},  /* U+0464 */
    {0x00,0x00,0x00,0x00,0x00,0x00,0x46,0x49,0x50,0x7E,0x50,0x50,0x49,0x46,0x00,0x00},  /* U+0465 */
    {0x00,0x00,0x00,0x00,0x08,0x08,0x14,0x14,0x22,0x36,0x2A,0x49,0x49,0x49,0x00,0x00},  /* U+0466 */
    {0x00,0x00,0x00,0x00,0x00,0x00,0x08,0x14,0x14,0x22,0x36,0x49,0x49,0x49,0x00,0x00},  /* U+0467 */
    {0x00,0x00,0x00,0x00,0x48,0x48,0x54,0x54,0x52,0x76,0x6A,0x49,0x49,0x49,0x00,0x00},  /* U+0468 */
    {0x00,0x00,0x00,0x00,0x00,0x00,0x48,0x54,0x54,0x52,0x76,0x49,0x49,0x49,0x00,0x00},  /* U+0469 */
    {0x00,0x00,0x00,0x00,0x3E,0x22,0x22,0x14,0x08,0x1C,0x2A,0x49,0x49,0x49,0x00,0x00},  /* U+046A */
    {0x00,0x00,0x00,0x00,0x00,0x00,0x3E,0x22,0x14,0x08,0x3E,0x49,0x49,0x49,0x00,0x00},  /* U+046B */
    {0x00,0x00,0x00,0x00,0x5F,0x51,0x51,0x4A,0x74,0x4E,0x55,0x55,0x55,0x55,0x00,0x00},  /* U+046C */
    {0x00,0x00,0x00,0x00,0x00,0x00,0x5F,0x51,0x4A,0x74,0x4E,0x55,0x55,0x55,0x00,0x00},  /* U+046D */
    {0x00,0x00,0x24,0x18,0x3C,0x42,0x02,0x02,0x3C,0x04,0x02,0x02,0x02,0x3C,0x40,0x40},  /* U+046E */
    {0x00,0x00,0x00,0x24,0x18,0x00,0x3C,0x42,0x02,0x3C,0x04,0x02,0x02,0x3C,0x40,0x40},  /* U+046F */
    {0x00,0x00,0x00,0x00,0x49,0x49,0x49,0x49,0x49,0x3E,0x08,0x08,0x08,0x08,0x00,0x00},  /* U+0470 */
    {0x00,0x00,0x00,0x00,0x00,0x00,0x00,0x00,0x49,0x49,0x49,0x49,0x49,0x3E,0x08,0x08},  /* U+0471 */
    {0x00,0x00,0x00,0x00,0x3C,0x42,0x42,0x42,0x7E,0x42,0x42,0x42,0x42,0x3C,0x00,0x00},  /* U+0472 */
    {0x00,0x00,0x00,0x00,0x00,0x00,0x3C,0x42,0x42,0x7E,0x42,0x42,0x42,0x3C,0x00,0x00},  /* U+0473 */
    {0x00,0x00,0x00,0x00,0x43,0x44,0x44,0x44,0x28,0x28,0x28,0x10,0x10,0x10,0x00,0x00},  /* U+0474 */
    {0x00,0x00,0x00,0x00,0x00,0x00,0x46,0x48,0x48,0x28,0x28,0x28,0x10,0x10,0x00,0x00},  /* U+0475 */
    {0x66,0x11,0x00,0x00,0x43,0x44,0x44,0x44,0x28,0x28,0x28,0x10,0x10,0x10,0x00,0x00},  /* U+0476 */
    {0x00,0x00,0x66,0x11,0x00,0x00,0x46,0x48,0x48,0x28,0x28,0x28,0x10,0x10,0x00,0x00},  /* U+0477 */
    {0x00,0x00,0x00,0x00,0x20,0x50,0x59,0x59,0x59,0x55,0x56,0x54,0x54,0x24,0x08,0x08},  /* U+0478 */
    {0x00,0x00,0x00,0x00,0x00,0x00,0x29,0x59,0x59,0x55,0x56,0x54,0x54,0x24,0x08,0x08},  /* U+0479 */
    {0x00,0x00,0x00,0x08,0x3E,0x49,0x41,0x41,0x41,0x41,0x41,0x41,0x49,0x3E,0x08,0x00},  /* U+047A */
    {0x00,0x00,0x00,0x00,0x00,0x08,0x3E,0x49,0x41,0x41,0x41,0x41,0x49,0x3E,0x08,0x00},  /* U+047B */
    {0x3C,0x43,0x18,0x04,0x08,0x00,0x36,0x41,0x41,0x49,0x49,0x49,0x49,0x36,0x00,0x00},  /* U+047C */
    {0x00,0x00,0x00,0x3C,0x43,0x18,0x04,0x08,0x00,0x36,0x41,0x49,0x49,0x36,0x00,0x00},  /* U+047D */
    {0x00,0x7F,0x08,0x00,0x49,0x49,0x49,0x49,0x49,0x49,0x49,0x49,0x5A,0x24,0x00,0x00},  /* U+047E */
    {0x00,0x00,0x00,0x00,0x7F,0x08,0x00,0x49,0x49,0x49,0x49,0x49,0x5A,0x24,0x00,0x00},  /* U+047F */
    {0x00,0x00,0x00,0x00,0x3C,0x42,0x42,0x40,0x40,0x40,0x40,0x40,0x3C,0x04,0x04,0x04},  /* U+0480 */
    {0x00,0x00,0x00,0x00,0x00,0x00,0x3C,0x42,0x42,0x40,0x40,0x40,0x3C,0x04,0x04,0x04},  /* U+0481 */
    {0x00,0x00,0x00,0x00,0x00,0x00,0x12,0x0C,0x44,0x2A,0x11,0x18,0x24,0x00,0x00,0x00},  /* U+0482 */
    {0x00,0x08,0x78,0x40,0x00,0x00,0x00,0x00,0x00,0x00,0x00,0x00,0x00,0x00,0x00,0x00},  /* U+0483 */
    {0x02,0x05,0x09,0x10,0x00,0x00,0x00,0x00,0x00,0x00,0x00,0x00,0x00,0x00,0x00,0x00},  /* U+0484 */
    {0x00,0x38,0x40,0x30,0x00,0x00,0x00,0x00,0x00,0x00,0x00,0x00,0x00,0x00,0x00,0x00},  /* U+0485 */
    {0x00,0x38,0x04,0x18,0x00,0x00,0x00,0x00,0x00,0x00,0x00,0x00,0x00,0x00,0x00,0x00},  /* U+0486 */
    {0x00,0x30,0x4C,0x83,0x00,0x00,0x00,0x00,0x00,0x00,0x00,0x00,0x00,0x00,0x00,0x00},  /* U+0487 */
    {0x00,0x00,0x7E,0x42,0x42,0x5A,0x5A,0x42,0x42,0x5A,0x5A,0x42,0x42,0x7E,0x00,0x00},  /* U+0488 */
    {0x00,0x00,0x7E,0x42,0x42,0x5A,0x5A,0x42,0x42,0x5A,0x5A,0x42,0x42,0x7E,0x00,0x00},  /* U+0489 */
    {0x00,0x24,0x18,0x00,0x42,0x46,0x46,0x4A,0x4A,0x52,0x52,0x62,0x62,0x43,0x02,0x04},  /* U+048A */
    {0x00,0x00,0x24,0x18,0x00,0x00,0x46,0x46,0x4A,0x4A,0x52,0x52,0x62,0x63,0x02,0x04},  /* U+048B */
    {0x00,0x00,0x00,0x00,0x20,0x70,0x20,0x20,0x20,0x3C,0x22,0x22,0x26,0x3C,0x00,0x00},  /* U+048C */
    {0x00,0x00,0x00,0x00,0x00,0x00,0x00,0x20,0x70,0x20,0x3C,0x22,0x22,0x3C,0x00,0x00},  /* U+048D */
    {0x00,0x00,0x00,0x00,0x7C,0x42,0x4A,0x44,0x7A,0x40,0x40,0x40,0x40,0x40,0x00,0x00},  /* U+048E */
    {0x00,0x00,0x00,0x00,0x00,0x00,0x5C,0x62,0x42,0x42,0x42,0x4A,0x64,0x5A,0x40,0x40},  /* U+048F */
    {0x00,0x00,0x02,0x02,0x7E,0x40,0x40,0x40,0x40,0x40,0x40,0x40,0x40,0x40,0x00,0x00},  /* U+0490 */
    {0x00,0x00,0x00,0x00,0x02,0x02,0x7E,0x40,0x40,0x40,0x40,0x40,0x40,0x40,0x00,0x00},  /* U+0491 */
    {0x00,0x00,0x00,0x00,0x1F,0x10,0x10,0x10,0x10,0x7C,0x10,0x10,0x10,0x10,0x00,0x00},  /* U+0492 */
    {0x00,0x00,0x00,0x00,0x00,0x00,0x1F,0x10,0x10,0x10,0x7C,0x10,0x10,0x10,0x00,0x00},  /* U+0493 */
    {0x00,0x00,0x00,0x00,0x7E,0x40,0x40,0x40,0x40,0x7C,0x42,0x42,0x42,0x42,0x0C,0x00},  /* U+0494 */
    {0x00,0x00,0x00,0x00,0x00,0x00,0x7E,0x40,0x40,0x40,0x7C,0x42,0x42,0x42,0x0C,0x00},  /* U+0495 */
    {0x00,0x00,0x00,0x00,0x49,0x49,0x2A,0x2A,0x1C,0x1C,0x2A,0x2A,0x49,0x49,0x01,0x01},  /* U+0496 */
    {0x00,0x00,0x00,0x00,0x00,0x00,0x49,0x49,0x2A,0x1C,0x1C,0x2A,0x49,0x49,0x01,0x01},  /* U+0497 */
    {0x00,0x00,0x00,0x00,0x3C,0x42,0x02,0x02,0x3C,0x04,0x02,0x02,0x42,0x3C,0x08,0x30},  /* U+0498 */
    {0x00,0x00,0x00,0x00,0x00,0x00,0x3C,0x42,0x02,0x3C,0x04,0x02,0x42,0x3C,0x08,0x30},  /* U+0499 */
    {0x00,0x00,0x00,0x00,0x46,0x48,0x48,0x50,0x50,0x60,0x50,0x48,0x44,0x42,0x02,0x02},  /* U+049A */
    {0x00,0x00,0x00,0x00,0x00,0x00,0x46,0x48,0x50,0x60,0x50,0x48,0x44,0x42,0x02,0x02},  /* U+049B */
    {0x00,0x00,0x00,0x00,0x43,0x44,0x54,0x54,0x78,0x54,0x54,0x54,0x42,0x41,0x00,0x00},  /* U+049C */
    {0x00,0x00,0x00,0x00,0x00,0x00,0x43,0x54,0x54,0x78,0x54,0x54,0x42,0x41,0x00,0x00},  /* U+049D */
    {0x00,0x00,0x00,0x00,0x23,0x74,0x24,0x28,0x28,0x30,0x28,0x24,0x22,0x21,0x00,0x00},  /* U+049E */
    {0x00,0x00,0x00,0x00,0x00,0x00,0x23,0x74,0x28,0x30,0x28,0x24,0x22,0x21,0x00,0x00},  /* U+049F */
    {0x00,0x00,0x00,0x00,0xE3,0x24,0x24,0x28,0x28,0x30,0x28,0x24,0x22,0x21,0x00,0x00},  /* U+04A0 */
    {0x00,0x00,0x00,0x00,0x00,0x00,0xE3,0x24,0x28,0x30,0x28,0x24,0x22,0x21,0x00,0x00},  /* U+04A1 */
    {0x00,0x00,0x00,0x00,0x42,0x42,0x42,0x42,0x7E,0x42,0x42,0x42,0x42,0x43,0x01,0x01},  /* U+04A2 */
    {0x00,0x00,0x00,0x00,0x00,0x00,0x42,0x42,0x42,0x7E,0x42,0x42,0x42,0x43,0x01,0x01},  /* U+04A3 */
    {0x00,0x00,0x00,0x00,0x47,0x44,0x44,0x44,0x7C,0x44,0x44,0x44,0x44,0x44,0x00,0x00},  /* U+04A4 */
    {0x00,0x00,0x00,0x00,0x00,0x00,0x47,0x44,0x44,0x7C,0x44,0x44,0x44,0x44,0x00,0x00},  /* U+04A5 */
    {0x00,0x00,0x00,0x00,0x78,0x48,0x48,0x48,0x48,0x4E,0x49,0x49,0x49,0x49,0x01,0x06},  /* U+04A6 */
    {0x00,0x00,0x00,0x00,0x00,0x00,0x78,0x48,0x48,0x48,0x4E,0x49,0x49,0x49,0x01,0x06},  /* U+04A7 */
    {0x00,0x00,0x00,0x20,0x4C,0x52,0x52,0x52,0x52,0x52,0x52,0x52,0x2C,0x18,0x06,0x00},  /* U+04A8 */
    {0x00,0x00,0x00,0x00,0x00,0x00,0x20,0x4C,0x52,0x52,0x52,0x52,0x2C,0x18,0x06,0x00},  /* U+04A9 */
    {0x00,0x00,0x00,0x00,0x3C,0x42,0x42,0x40,0x40,0x40,0x40,0x42,0x42,0x3C,0x08,0x30},  /* U+04AA */
    {0x00,0x00,0x00,0x00,0x00,0x00,0x3C,0x42,0x42,0x40,0x40,0x42,0x42,0x3C,0x08,0x30},  /* U+04AB */
    {0x00,0x00,0x00,0x00,0x7F,0x08,0x08,0x08,0x08,0x08,0x08,0x08,0x08,0x0C,0x04,0x04},  /* U+04AC */
    {0x00,0x00,0x00,0x00,0x00,0x00,0x7F,0x08,0x08,0x08,0x08,0x08,0x08,0x0C,0x04,0x04},  /* U+04AD */
    {0x00,0x00,0x00,0x00,0x41,0x41,0x22,0x22,0x14,0x08,0x08,0x08,0x08,0x08,0x00,0x00},  /* U+04AE */
    {0x00,0x00,0x00,0x00,0x00,0x00,0x22,0x22,0x22,0x14,0x14,0x08,0x08,0x08,0x08,0x08},  /* U+04AF */
    {0x00,0x00,0x00,0x00,0x41,0x41,0x22,0x22,0x14,0x08,0x08,0x3E,0x08,0x08,0x00,0x00},  /* U+04B0 */
    {0x00,0x00,0x00,0x00,0x00,0x00,0x22,0x22,0x22,0x14,0x14,0x08,0x3E,0x08,0x08,0x08},  /* U+04B1 */
    {0x00,0x00,0x00,0x00,0x42,0x42,0x24,0x24,0x18,0x18,0x24,0x24,0x42,0x43,0x01,0x01},  /* U+04B2 */
    {0x00,0x00,0x00,0x00,0x00,0x00,0x42,0x42,0x24,0x18,0x18,0x24,0x42,0x43,0x01,0x01},  /* U+04B3 */
    {0x00,0x00,0x00,0x00,0xFA,0x22,0x22,0x22,0x22,0x22,0x22,0x22,0x22,0x3F,0x01,0x01},  /* U+04B4 */
    {0x00,0x00,0x00,0x00,0x00,0x00,0xFA,0x22,0x22,0x22,0x22,0x22,0x22,0x3F,0x01,0x01},  /* U+04B5 */
    {0x00,0x00,0x00,0x00,0x42,0x42,0x42,0x42,0x42,0x46,0x3A,0x02,0x02,0x03,0x01,0x01},  /* U+04B6 */
    {0x00,0x00,0x00,0x00,0x00,0x00,0x42,0x42,0x42,0x42,0x46,0x3A,0x02,0x03,0x01,0x01},  /* U+04B7 */
    {0x00,0x00,0x00,0x00,0x42,0x42,0x42,0x42,0x52,0x56,0x3A,0x12,0x12,0x02,0x00,0x00},  /* U+04B8 */
    {0x00,0x00,0x00,0x00,0x00,0x00,0x42,0x42,0x42,0x52,0x56,0x3A,0x12,0x02,0x00,0x00},  /* U+04B9 */
    {0x00,0x00,0x00,0x00,0x40,0x40,0x40,0x5C,0x62,0x42,0x42,0x42,0x42,0x42,0x00,0x00},  /* U+04BA */
    {0x00,0x00,0x00,0x00,0x00,0x00,0x40,0x40,0x5C,0x62,0x42,0x42,0x42,0x42,0x00,0x00},  /* U+04BB */
    {0x00,0x00,0x00,0x00,0x4C,0x52,0x52,0x52,0x3E,0x10,0x10,0x12,0x12,0x0C,0x00,0x00},  /* U+04BC */
    {0x00,0x00,0x00,0x00,0x00,0x00,0x4C,0x52,0x52,0x3E,0x10,0x10,0x12,0x0C,0x00,0x00},  /* U+04BD */
    {0x00,0x00,0x00,0x00,0x4C,0x52,0x52,0x52,0x3E,0x10,0x10,0x12,0x12,0x0C,0x08,0x08},  /* U+04BE */
    {0x00,0x00,0x00,0x00,0x00,0x00,0x4C,0x52,0x52,0x3E,0x10,0x10,0x12,0x0C,0x08,0x08},  /* U+04BF */
    {0x00,0x00,0x00,0x00,0x3E,0x08,0x08,0x08,0x08,0x08,0x08,0x08,0x08,0x3E,0x00,0x00},  /* U+04C0 */
    {0x41,0x41,0x3E,0x00,0x49,0x49,0x2A,0x2A,0x1C,0x1C,0x2A,0x2A,0x49,0x49,0x00,0x00},  /* U+04C1 */
    {0x00,0x22,0x22,0x1C,0x00,0x00,0x49,0x49,0x2A,0x1C,0x1C,0x2A,0x49,0x49,0x00,0x00},  /* U+04C2 */
    {0x00,0x00,0x00,0x00,0x46,0x48,0x48,0x50,0x60,0x7C,0x42,0x42,0x42,0x42,0x02,0x0C},  /* U+04C3 */
    {0x00,0x00,0x00,0x00,0x00,0x00,0x46,0x48,0x50,0x60,0x7C,0x42,0x42,0x42,0x02,0x0C},  /* U+04C4 */
    {0x00,0x00,0x00,0x00,0x1E,0x12,0x12,0x12,0x12,0x12,0x12,0x22,0x22,0x43,0x02,0x04},  /* U+04C5 */
    {0x00,0x00,0x00,0x00,0x00,0x00,0x1E,0x12,0x12,0x12,0x12,0x22,0x22,0x43,0x02,0x04},  /* U+04C6 */
    {0x00,0x00,0x00,0x00,0x42,0x42,0x42,0x42,0x7E,0x42,0x42,0x42,0x42,0x42,0x02,0x0C},  /* U+04C7 */
    {0x00,0x00,0x00,0x00,0x00,0x00,0x42,0x42,0x42,0x7E,0x42,0x42,0x42,0x42,0x02,0x0C},  /* U+04C8 */
    {0x00,0x00,0x00,0x00,0x42,0x42,0x42,0x42,0x7E,0x42,0x42,0x42,0x42,0x43,0x02,0x04},  /* U+04C9 */
    {0x00,0x00,0x00,0x00,0x00,0x00,0x42,0x42,0x42,0x7E,0x42,0x42,0x42,0x43,0x02,0x04},  /* U+04CA */
    {0x00,0x00,0x00,0x00,0x42,0x42,0x42,0x42,0x42,0x46,0x3A,0x02,0x02,0x06,0x04,0x04},  /* U+04CB */
    {0x00,0x00,0x00,0x00,0x00,0x00,0x42,0x42,0x42,0x42,0x46,0x3A,0x02,0x06,0x04,0x04},  /* U+04CC */
    {0x00,0x00,0x00,0x00,0x42,0x42,0x66,0x66,0x5A,0x5A,0x42,0x42,0x42,0x43,0x02,0x04},  /* U+04CD */
    {0x00,0x00,0x00,0x00,0x00,0x00,0x42,0x66,0x66,0x5A,0x5A,0x42,0x42,0x43,0x02,0x04},  /* U+04CE */
    {0x00,0x00,0x00,0x00,0x1C,0x08,0x08,0x08,0x08,0x08,0x08,0x08,0x08,0x1C,0x00,0x00},  /* U+04CF */
    {0x42,0x42,0x3C,0x00,0x18,0x24,0x24,0x42,0x42,0x7E,0x42,0x42,0x42,0x42,0x00,0x00},  /* U+04D0 */
    {0x00,0x42,0x42,0x3C,0x00,0x00,0x3C,0x42,0x02,0x3E,0x42,0x42,0x46,0x3A,0x00,0x00},  /* U+04D1 */
    {0x24,0x24,0x00,0x00,0x18,0x24,0x24,0x42,0x42,0x7E,0x42,0x42,0x42,0x42,0x00,0x00},  /* U+04D2 */
    {0x00,0x00,0x24,0x24,0x00,0x00,0x3C,0x42,0x02,0x3E,0x42,0x42,0x46,0x3A,0x00,0x00},  /* U+04D3 */
    {0x00,0x00,0x00,0x00,0x1F,0x28,0x48,0x48,0x7F,0x48,0x48,0x48,0x48,0x4F,0x00,0x00},  /* U+04D4 */
    {0x00,0x00,0x00,0x00,0x00,0x00,0x3E,0x49,0x09,0x3F,0x48,0x48,0x49,0x3E,0x00,0x00},  /* U+04D5 */
    {0x42,0x42,0x3C,0x00,0x7E,0x40,0x40,0x40,0x7C,0x40,0x40,0x40,0x40,0x7E,0x00,0x00},  /* U+04D6 */
    {0x00,0x00,0x42,0x42,0x3C,0x00,0x3C,0x42,0x42,0x7E,0x40,0x40,0x42,0x3C,0x00,0x00},  /* U+04D7 */
    {0x00,0x00,0x00,0x00,0x18,0x24,0x42,0x02,0x02,0x7E,0x42,0x42,0x24,0x18,0x00,0x00},  /* U+04D8 */
    {0x00,0x00,0x00,0x00,0x00,0x00,0x3C,0x42,0x02,0x02,0x7E,0x42,0x42,0x3C,0x00,0x00},  /* U+04D9 */
    {0x24,0x24,0x00,0x00,0x18,0x24,0x42,0x02,0x02,0x7E,0x42,0x42,0x24,0x18,0x00,0x00},  /* U+04DA */
    {0x00,0x00,0x24,0x24,0x00,0x00,0x3C,0x42,0x02,0x02,0x7E,0x42,0x42,0x3C,0x00,0x00},  /* U+04DB */
    {0x24,0x24,0x00,0x00,0x49,0x49,0x2A,0x2A,0x1C,0x1C,0x2A,0x2A,0x49,0x49,0x00,0x00},  /* U+04DC */
    {0x00,0x00,0x24,0x24,0x00,0x00,0x49,0x49,0x2A,0x1C,0x1C,0x2A,0x49,0x49,0x00,0x00},  /* U+04DD */
    {0x24,0x24,0x00,0x00,0x3C,0x42,0x02,0x02,0x3C,0x04,0x02,0x02,0x42,0x3C,0x00,0x00},  /* U+04DE */
    {0x00,0x00,0x24,0x24,0x00,0x00,0x3C,0x42,0x02,0x3C,0x04,0x02,0x42,0x3C,0x00,0x00},  /* U+04DF */
    {0x00,0x00,0x00,0x00,0x7E,0x04,0x08,0x10,0x1C,0x02,0x02,0x02,0x46,0x3C,0x00,0x00},  /* U+04E0 */
    {0x00,0x00,0x00,0x00,0x00,0x00,0x3E,0x04,0x08,0x10,0x1C,0x02,0x02,0x02,0x42,0x3C},  /* U+04E1 */
    {0x00,0x3C,0x00,0x00,0x42,0x46,0x46,0x4A,0x4A,0x52,0x52,0x62,0x62,0x42,0x00,0x00},  /* U+04E2 */
    {0x00,0x00,0x00,0x3C,0x00,0x00,0x46,0x46,0x4A,0x4A,0x52,0x52,0x62,0x62,0x00,0x00},  /* U+04E3 */
    {0x24,0x24,0x00,0x00,0x42,0x46,0x46,0x4A,0x4A,0x52,0x52,0x62,0x62,0x42,0x00,0x00},  /* U+04E4 */
    {0x00,0x00,0x24,0x24,0x00,0x00,0x46,0x46,0x4A,0x4A,0x52,0x52,0x62,0x62,0x00,0x00},  /* U+04E5 */
    {0x24,0x24,0x00,0x00,0x3C,0x42,0x42,0x42,0x42,0x42,0x42,0x42,0x42,0x3C,0x00,0x00},  /* U+04E6 */
    {0x00,0x00,0x24,0x24,0x00,0x00,0x3C,0x42,0x42,0x42,0x42,0x42,0x42,0x3C,0x00,0x00},  /* U+04E7 */
    {0x00,0x00,0x00,0x00,0x3C,0x42,0x42,0x42,0x7E,0x42,0x42,0x42,0x42,0x3C,0x00,0x00},  /* U+04E8 */
    {0x00,0x00,0x00,0x00,0x00,0x00,0x3C,0x42,0x42,0x7E,0x42,0x42,0x42,0x3C,0x00,0x00},  /* U+04E9 */
    {0x24,0x24,0x00,0x00,0x3C,0x42,0x42,0x42,0x7E,0x42,0x42,0x42,0x42,0x3C,0x00,0x00},  /* U+04EA */
    {0x00,0x00,0x24,0x24,0x00,0x00,0x3C,0x42,0x42,0x7E,0x42,0x42,0x42,0x3C,0x00,0x00},  /* U+04EB */
    {0x00,0x00,0x24,0x00,0x3C,0x42,0x02,0x02,0x3E,0x02,0x02,0x02,0x42,0x3C,0x00,0x00},  /* U+04EC */
    {0x00,0x00,0x00,0x00,0x24,0x00,0x3C,0x42,0x02,0x1E,0x02,0x02,0x42,0x3C,0x00,0x00},  /* U+04ED */
    {0x00,0x3E,0x00,0x00,0x41,0x41,0x22,0x22,0x14,0x14,0x08,0x08,0x10,0x30,0x00,0x00},  /* U+04EE */
    {0x00,0x00,0x00,0x3C,0x00,0x00,0x42,0x42,0x24,0x24,0x18,0x18,0x10,0x10,0x20,0x60},  /* U+04EF */
    {0x24,0x24,0x00,0x00,0x41,0x41,0x22,0x22,0x14,0x14,0x08,0x08,0x10,0x30,0x00,0x00},  /* U+04F0 */
    {0x00,0x00,0x24,0x24,0x00,0x00,0x42,0x42,0x24,0x24,0x18,0x18,0x10,0x10,0x20,0x60},  /* U+04F1 */
    {0x33,0x44,0x00,0x00,0x41,0x41,0x22,0x22,0x14,0x14,0x08,0x08,0x10,0x30,0x00,0x00},  /* U+04F2 */
    {0x00,0x00,0x33,0x44,0x00,0x00,0x42,0x42,0x24,0x24,0x18,0x18,0x10,0x10,0x20,0x60},  /* U+04F3 */
    {0x24,0x24,0x00,0x00,0x42,0x42,0x42,0x42,0x42,0x46,0x3A,0x02,0x02,0x02,0x00,0x00},  /* U+04F4 */
    {0x00,0x00,0x24,0x24,0x00,0x00,0x42,0x42,0x42,0x42,0x46,0x3A,0x02,0x02,0x00,0x00},  /* U+04F5 */
    {0x00,0x00,0x00,0x00,0x7E,0x40,0x40,0x40,0x40,0x40,0x40,0x40,0x40,0x60,0x20,0x20},  /* U+04F6 */
    {0x00,0x00,0x00,0x00,0x00,0x00,0x7E,0x40,0x40,0x40,0x40,0x40,0x40,0x60,0x20,0x20},  /* U+04F7 */
    {0x24,0x24,0x00,0x00,0x42,0x42,0x42,0x42,0x72,0x4A,0x4A,0x4A,0x4A,0x72,0x00,0x00},  /* U+04F8 */
    {0x00,0x00,0x24,0x24,0x00,0x00,0x42,0x42,0x42,0x72,0x4A,0x4A,0x4A,0x72,0x00,0x00},  /* U+04F9 */
    {0x00,0x00,0x00,0x00,0x1F,0x10,0x10,0x10,0x10,0x7C,0x10,0x10,0x10,0x18,0x08,0x18},  /* U+04FA */
    {0x00,0x00,0x00,0x00,0x00,0x00,0x1F,0x10,0x10,0x7C,0x10,0x10,0x10,0x18,0x08,0x18},  /* U+04FB */
    {0x00,0x00,0x00,0x00,0x42,0x42,0x24,0x24,0x18,0x18,0x24,0x24,0x42,0x42,0x02,0x04},  /* U+04FC */
    {0x00,0x00,0x00,0x00,0x00,0x00,0x42,0x42,0x24,0x18,0x18,0x24,0x42,0x42,0x02,0x04},  /* U+04FD */
    {0x00,0x00,0x00,0x00,0x42,0x42,0x24,0x24,0x18,0x7E,0x24,0x24,0x42,0x42,0x00,0x00},  /* U+04FE */
    {0x00,0x00,0x00,0x00,0x00,0x00,0x42,0x42,0x24,0x18,0x7E,0x24,0x42,0x42,0x00,0x00},  /* U+04FF */
    {0x00,0x00,0x00,0x00,0x00,0x00,0x00,0x00,0x00,0x3C,0x00,0x00,0x00,0x00,0x00,0x00},  /* U+2010 */
    {0x00,0x00,0x00,0x00,0x00,0x00,0x00,0x00,0x00,0x3C,0x00,0x00,0x00,0x00,0x00,0x00},  /* U+2011 */
    {0x00,0x00,0x00,0x00,0x00,0x00,0x00,0x00,0x00,0x7E,0x00,0x00,0x00,0x00,0x00,0x00},  /* U+2012 */
    {0x00,0x00,0x00,0x00,0x00,0x00,0x00,0x00,0x00,0x7E,0x00,0x00,0x00,0x00,0x00,0x00},  /* U+2013 */
    {0x00,0x00,0x00,0x00,0x00,0x00,0x00,0x00,0x00,0xFF,0x00,0x00,0x00,0x00,0x00,0x00},  /* U+2014 */
    {0x00,0x00,0x00,0x00,0x00,0x00,0x00,0x00,0x00,0xFF,0x00,0x00,0x00,0x00,0x00,0x00},  /* U+2015 */
    {0x00,0x00,0x00,0x14,0x14,0x14,0x14,0x14,0x14,0x14,0x14,0x14,0x14,0x14,0x14,0x00},  /* U+2016 */
    {0x00,0x00,0x00,0x00,0x00,0x00,0x00,0x00,0x00,0x00,0x00,0x00,0x00,0xFF,0x00,0xFF},  /* U+2017 */
    {0x00,0x00,0x08,0x10,0x10,0x18,0x00,0x00,0x00,0x00,0x00,0x00,0x00,0x00,0x00,0x00},  /* U+2018 */
    {0x00,0x00,0x18,0x08,0x08,0x10,0x00,0x00,0x00,0x00,0x00,0x00,0x00,0x00,0x00,0x00},  /* U+2019 */
    {0x00,0x00,0x00,0x00,0x00,0x00,0x00,0x00,0x00,0x00,0x00,0x00,0x18,0x08,0x08,0x10},  /* U+201A */
    {0x00,0x00,0x18,0x10,0x10,0x08,0x00,0x00,0x00,0x00,0x00,0x00,0x00,0x00,0x00,0x00},  /* U+201B */
    {0x00,0x00,0x22,0x44,0x44,0x66,0x00,0x00,0x00,0x00,0x00,0x00,0x00,0x00,0x00,0x00},  /* U+201C */
    {0x00,0x00,0x66,0x22,0x22,0x44,0x00,0x00,0x00,0x00,0x00,0x00,0x00,0x00,0x00,0x00},  /* U+201D */
    {0x00,0x00,0x00,0x00,0x00,0x00,0x00,0x00,0x00,0x00,0x00,0x00,0x66,0x22,0x22,0x44},  /* U+201E */
    {0x00,0x00,0x66,0x44,0x44,0x22,0x00,0x00,0x00,0x00,0x00,0x00,0x00,0x00,0x00,0x00},  /* U+201F */
    {0x00,0x00,0x08,0x1C,0x08,0x2A,0x7F,0x2A,0x08,0x1C,0x08,0x08,0x08,0x08,0x00,0x00},  /* U+2020 */
    {0x00,0x08,0x1C,0x08,0x2A,0x7F,0x2A,0x08,0x08,0x2A,0x7F,0x2A,0x08,0x1C,0x08,0x00},  /* U+2021 */
    {0x00,0x00,0x00,0x00,0x00,0x00,0x00,0x38,0x7C,0x7C,0x7C,0x38,0x00,0x00,0x00,0x00},  /* U+2022 */
    {0x00,0x00,0x00,0x00,0x00,0x00,0x20,0x30,0x38,0x3C,0x38,0x30,0x20,0x00,0x00,0x00},  /* U+2023 */
    {0x00,0x00,0x00,0x00,0x00,0x00,0x00,0x00,0x00,0x00,0x00,0x00,0x18,0x18,0x00,0x00},  /* U+2024 */
    {0x00,0x00,0x00,0x00,0x00,0x00,0x00,0x00,0x00,0x00,0x00,0x00,0x36,0x36,0x00,0x00},  /* U+2025 */
    {0x00,0x00,0x00,0x00,0x00,0x00,0x00,0x00,0x00,0x00,0x00,0x00,0x49,0x49,0x00,0x00},  /* U+2026 */
    {0x00,0x00,0x00,0x00,0x00,0x00,0x00,0x00,0x00,0x18,0x18,0x00,0x00,0x00,0x00,0x00},  /* U+2027 */
    {0x00,0x00,0x7E,0x42,0x42,0x5A,0x5A,0x42,0x42,0x5A,0x5A,0x42,0x42,0x7E,0x00,0x00},  /* U+2028 */
    {0x00,0x00,0x7E,0x42,0x42,0x5A,0x5A,0x42,0x42,0x5A,0x5A,0x42,0x42,0x7E,0x00,0x00},  /* U+2029 */
    {0x00,0x00,0x7E,0x42,0x42,0x5A,0x5A,0x42,0x42,0x5A,0x5A,0x42,0x42,0x7E,0x00,0x00},  /* U+202A */
    {0x00,0x00,0x7E,0x42,0x42,0x5A,0x5A,0x42,0x42,0x5A,0x5A,0x42,0x42,0x7E,0x00,0x00},  /* U+202B */
    {0x00,0x00,0x7E,0x42,0x42,0x5A,0x5A,0x42,0x42,0x5A,0x5A,0x42,0x42,0x7E,0x00,0x00},  /* U+202C */
    {0x00,0x00,0x7E,0x42,0x42,0x5A,0x5A,0x42,0x42,0x5A,0x5A,0x42,0x42,0x7E,0x00,0x00},  /* U+202D */
    {0x00,0x00,0x7E,0x42,0x42,0x5A,0x5A,0x42,0x42,0x5A,0x5A,0x42,0x42,0x7E,0x00,0x00},  /* U+202E */
    {0x00,0x00,0x00,0x00,0x00,0x00,0x00,0x00,0x00,0x00,0x00,0x00,0x00,0x00,0x00,0x00},  /* U+202F */
    {0x00,0x00,0x00,0x00,0x42,0xA4,0xA4,0x48,0x10,0x10,0x2A,0x55,0x55,0x8A,0x00,0x00},  /* U+2030 */
    {0x00,0x00,0x00,0x00,0x40,0xA0,0xA0,0x4C,0x30,0xC0,0x2A,0x55,0x55,0x2A,0x00,0x00},  /* U+2031 */
    {0x00,0x00,0x00,0x00,0x0C,0x18,0x10,0x20,0x00,0x00,0x00,0x00,0x00,0x00,0x00,0x00},  /* U+2032 */
    {0x00,0x00,0x00,0x00,0x33,0x66,0x44,0x88,0x00,0x00,0x00,0x00,0x00,0x00,0x00,0x00},  /* U+2033 */
    {0x00,0x00,0x00,0x00,0x3F,0x7E,0x54,0xA8,0x00,0x00,0x00,0x00,0x00,0x00,0x00,0x00},  /* U+2034 */
    {0x00,0x00,0x00,0x00,0x30,0x18,0x08,0x04,0x00,0x00,0x00,0x00,0x00,0x00,0x00,0x00},  /* U+2035 */
    {0x00,0x00,0x00,0x00,0xCC,0x66,0x22,0x11,0x00,0x00,0x00,0x00,0x00,0x00,0x00,0x00},  /* U+2036 */
    {0x00,0x00,0x00,0x00,0xFC,0x7E,0x2A,0x15,0x00,0x00,0x00,0x00,0x00,0x00,0x00,0x00},  /* U+2037 */
    {0x00,0x00,0x00,0x00,0x00,0x00,0x00,0x00,0x00,0x00,0x00,0x00,0x00,0x10,0x28,0x44},  /* U+2038 */
    {0x00,0x00,0x00,0x00,0x00,0x04,0x04,0x08,0x08,0x10,0x08,0x08,0x04,0x04,0x00,0x00},  /* U+2039 */
    {0x00,0x00,0x00,0x00,0x00,0x20,0x20,0x10,0x10,0x08,0x10,0x10,0x20,0x20,0x00,0x00},  /* U+203A */
    {0x00,0x00,0x00,0x00,0x3C,0x40,0x40,0x5E,0x50,0x50,0x3C,0x10,0x10,0x1E,0x00,0x00},  /* U+20A0 */
    {0x00,0x00,0x00,0x00,0x0A,0x3E,0x4A,0x54,0x54,0x68,0x68,0x72,0x5C,0x10,0x00,0x00},  /* U+20A1 */
    {0x00,0x00,0x00,0x00,0x1C,0x22,0x42,0x40,0x56,0x58,0x50,0x50,0x32,0x1C,0x00,0x00},  /* U+20A2 */
    {0x00,0x00,0x00,0x00,0x3F,0x20,0x20,0x20,0x3E,0x20,0x20,0xFC,0x20,0x20,0x00,0x00},  /* U+20A3 */
    {0x00,0x00,0x00,0x00,0x0E,0x10,0x10,0x7E,0x10,0x7E,0x10,0x10,0x3E,0x61,0x00,0x00},  /* U+20A4 */
    {0x00,0x00,0x00,0x00,0x01,0x01,0x76,0x4D,0x4D,0x49,0x49,0x59,0x69,0x69,0x00,0x00},  /* U+20A5 */
    {0x00,0x00,0x00,0x00,0x22,0x22,0x32,0x7F,0x2A,0x7F,0x26,0x26,0x22,0x22,0x00,0x00},  /* U+20A6 */
    {0x00,0x00,0x00,0x00,0x68,0x58,0x5F,0x5C,0x6C,0x4A,0x49,0x49,0x49,0x4E,0x00,0x00},  /* U+20A7 */
    {0x00,0x00,0x00,0x00,0x70,0x48,0x4B,0x4C,0x74,0x54,0x52,0x49,0x49,0x4E,0x00,0x00},  /* U+20A8 */
    {0x00,0x00,0x00,0x00,0x22,0x22,0x22,0x22,0x2A,0x7F,0x36,0x36,0x22,0x22,0x00,0x00},  /* U+20A9 */
    {0x00,0x00,0x00,0x00,0x00,0x00,0xF2,0x8A,0xAA,0xAA,0xAA,0xAA,0xA2,0xBC,0x00,0x00},  /* U+20AA */
    {0x00,0x00,0x00,0x02,0x0F,0x02,0x3A,0x46,0x42,0x42,0x42,0x42,0x46,0x3A,0x00,0x7E},  /* U+20AB */
    {0x00,0x00,0x00,0x00,0x0C,0x12,0x20,0x7C,0x20,0x7C,0x20,0x20,0x12,0x0C,0x00,0x00},  /* U+20AC */
    {0x00,0x00,0x00,0x00,0x42,0x44,0x48,0x50,0x60,0xFE,0x50,0x48,0x44,0x42,0x00,0x00},  /* U+20AD */
    {0x00,0x00,0x00,0x00,0x7F,0x08,0x08,0x0E,0x38,0x0E,0x38,0x08,0x08,0x08,0x00,0x00},  /* U+20AE */
    {0x00,0x00,0x00,0x00,0x70,0x48,0x48,0x48,0x48,0x4E,0x4D,0x4D,0x4E,0x74,0x04,0x04},  /* U+20AF */
    {0x00,0x00,0x00,0x00,0x38,0x44,0x44,0x44,0x28,0x18,0x54,0x64,0x62,0x42,0x04,0x08},  /* U+20B0 */
    {0x00,0x00,0x7C,0x42,0xFF,0x42,0xFF,0x42,0x7C,0x40,0x40,0x40,0x40,0x40,0x00,0x00},  /* U+20B1 */
    {0x00,0x00,0x10,0x10,0x3C,0x52,0x52,0x50,0x50,0x56,0x52,0x52,0x56,0x3A,0x10,0x10},  /* U+20B2 */
    {0x00,0x00,0x00,0x00,0x18,0x24,0x24,0xFF,0x42,0xFF,0x42,0x42,0x42,0x42,0x00,0x00},  /* U+20B3 */
    {0x00,0x00,0x00,0x00,0x3C,0x42,0x02,0x02,0xFF,0x30,0xFF,0x40,0x42,0x3C,0x00,0x00},  /* U+20B4 */
    {0x00,0x00,0x10,0x10,0x3C,0x52,0x52,0x50,0x50,0x50,0x50,0x52,0x52,0x3C,0x10,0x10},  /* U+20B5 */
    {0x00,0x00,0x00,0x00,0x28,0x28,0x28,0x7E,0x28,0x28,0x28,0x28,0x29,0x26,0x00,0x00},  /* U+20B6 */
    {0x00,0x00,0x00,0x00,0x3C,0x42,0x42,0x20,0x18,0x04,0x52,0xAA,0xAA,0xFC,0xA8,0xA8},  /* U+20B7 */
    {0x00,0x00,0x00,0x00,0x00,0x00,0xFE,0x00,0xFE,0x10,0x10,0x10,0x10,0x10,0x00,0x00},  /* U+20B8 */
    {0x00,0x00,0x7E,0x42,0x42,0x5A,0x5A,0x42,0x42,0x5A,0x5A,0x42,0x42,0x7E,0x00,0x00},  /* U+20B9 */
    {0x00,0x00,0x00,0x20,0x20,0x28,0x30,0x60,0xA8,0x30,0x62,0xA2,0x24,0x38,0x00,0x00},  /* U+20BA */
    {0x00,0x00,0x00,0x00,0x40,0xA0,0xFC,0x22,0x42,0x54,0xE8,0x40,0x44,0x38,0x00,0x00},  /* U+20BB */
    {0x00,0x00,0x00,0x00,0x00,0x00,0x00,0x10,0x10,0x38,0x54,0x54,0x54,0x54,0x00,0x00},  /* U+20BC */
    {0x00,0x00,0x00,0x00,0x3C,0x22,0x22,0x22,0x7C,0x20,0x7C,0x20,0x20,0x20,0x00,0x00},  /* U+20BD */
    {0x00,0x00,0x28,0x7C,0xAA,0xAA,0xAA,0x80,0x80,0x80,0x80,0x40,0x20,0xFE,0x00,0x00},  /* U+20BE */
    {0x00,0x00,0x28,0x28,0xFC,0x42,0x42,0x42,0x7C,0x42,0x42,0x42,0x42,0xFC,0x28,0x28},  /* U+20BF */
    {0x00,0x00,0x00,0x00,0x00,0x30,0x51,0x52,0x34,0x08,0x13,0x24,0x44,0x03,0x00,0x00},  /* U+2100 */
    {0x00,0x00,0x00,0x00,0x00,0x30,0x51,0x52,0x34,0x0B,0x14,0x22,0x41,0x06,0x00,0x00},  /* U+2101 */
    {0x00,0x00,0x00,0x00,0x1E,0x31,0x50,0x50,0x50,0x50,0x50,0x50,0x31,0x1E,0x00,0x00},  /* U+2102 */
    {0x40,0xA0,0xA0,0x40,0x3C,0x42,0x42,0x40,0x40,0x40,0x40,0x42,0x42,0x3C,0x00,0x00},  /* U+2103 */
    {0x00,0x00,0x00,0x00,0x10,0x10,0x3C,0x50,0x50,0x50,0x50,0x3C,0x10,0x1E,0x00,0x00},  /* U+2104 */
    {0x00,0x00,0x00,0x00,0x00,0x30,0x41,0x42,0x34,0x08,0x16,0x29,0x49,0x06,0x00,0x00},  /* U+2105 */
    {0x00,0x00,0x00,0x00,0x00,0x30,0x41,0x42,0x34,0x08,0x10,0x29,0x49,0x06,0x00,0x00},  /* U+2106 */
    {0x00,0x00,0x00,0x00,0x3E,0x42,0x40,0x40,0x38,0x40,0x40,0x42,0x42,0x3C,0x00,0x00},  /* U+2107 */
    {0x00,0x00,0x00,0x00,0x7C,0x42,0x02,0x12,0x1E,0x12,0x02,0x02,0x42,0x3C,0x00,0x00},  /* U+2108 */
    {0x40,0xA0,0xA0,0x40,0x7E,0x40,0x40,0x40,0x7C,0x40,0x40,0x40,0x40,0x40,0x00,0x00},  /* U+2109 */
    {0x00,0x00,0x7E,0x42,0x42,0x5A,0x5A,0x42,0x42,0x5A,0x5A,0x42,0x42,0x7E,0x00,0x00},  /* U+210A */
    {0x00,0x00,0x7E,0x42,0x42,0x5A,0x5A,0x42,0x42,0x5A,0x5A,0x42,0x42,0x7E,0x00,0x00},  /* U+210B */
    {0x00,0x00,0x18,0xB6,0x60,0x68,0x74,0x36,0x66,0x66,0x66,0x66,0xE6,0x06,0x34,0x08},  /* U+210C */
    {0x00,0x00,0x00,0x00,0x71,0x51,0x51,0x51,0x5F,0x51,0x51,0x51,0x51,0x71,0x00,0x00},  /* U+210D */
    {0x00,0x00,0x00,0x04,0x08,0x08,0x0E,0x19,0x11,0x11,0x22,0x22,0x22,0x44,0x00,0x00},  /* U+210E */
    {0x00,0x00,0x00,0x05,0x0E,0x38,0x4E,0x19,0x11,0x11,0x22,0x22,0x22,0x44,0x00,0x00},  /* U+210F */
    {0x00,0x00,0x7E,0x42,0x42,0x5A,0x5A,0x42,0x42,0x5A,0x5A,0x42,0x42,0x7E,0x00,0x00},  /* U+2110 */
    {0x00,0x00,0x00,0x00,0x39,0x7F,0xC6,0x80,0x66,0x08,0x6C,0xA6,0x66,0x3C,0x00,0x00},  /* U+2111 */
    {0x00,0x00,0x7E,0x42,0x42,0x5A,0x5A,0x42,0x42,0x5A,0x5A,0x42,0x42,0x7E,0x00,0x00},  /* U+2112 */
    {0x00,0x00,0x00,0x18,0x24,0x24,0x24,0x28,0x30,0x60,0x20,0x20,0x22,0x1C,0x00,0x00},  /* U+2113 */
    {0x00,0x00,0x00,0x00,0x48,0x48,0xFE,0x48,0x4A,0x4D,0x49,0x49,0x49,0x36,0x00,0x00},  /* U+2114 */
    {0x00,0x00,0x00,0x00,0x71,0x51,0x59,0x59,0x55,0x55,0x53,0x53,0x51,0x71,0x00,0x00},  /* U+2115 */
    {0x00,0x00,0x00,0x00,0x92,0x95,0x95,0xD2,0xD0,0xB7,0xB0,0x90,0x90,0x90,0x00,0x00},  /* U+2116 */
    {0x00,0x00,0x00,0x00,0x3C,0x42,0xB9,0xA5,0xA5,0xB9,0xA1,0xA1,0x42,0x3C,0x00,0x00},  /* U+2117 */
    {0x00,0x00,0x00,0x00,0x00,0x00,0x20,0x4C,0x52,0x22,0x22,0x2A,0x54,0x50,0x50,0x20},  /* U+2118 */
    {0x00,0x00,0x00,0x00,0x7C,0x52,0x52,0x52,0x52,0x5C,0x50,0x50,0x50,0x70,0x00,0x00},  /* U+2119 */
    {0x00,0x00,0x00,0x00,0x1C,0x32,0x51,0x51,0x51,0x51,0x51,0x51,0x36,0x1E,0x01,0x00},  /* U+211A */
    {0x00,0x00,0x7E,0x42,0x42,0x5A,0x5A,0x42,0x42,0x5A,0x5A,0x42,0x42,0x7E,0x00,0x00},  /* U+211B */
    {0x00,0x00,0x00,0x00,0x44,0x6E,0xB2,0x33,0x36,0x3C,0x36,0x36,0xA2,0xC3,0x00,0x00},  /* U+211C */
    {0x00,0x00,0x00,0x00,0x7E,0x51,0x51,0x51,0x51,0x5E,0x58,0x54,0x52,0x71,0x00,0x00},  /* U+211D */
    {0x00,0x00,0x00,0x00,0x7C,0x42,0x42,0x42,0x7C,0x50,0x4A,0x44,0x4A,0x50,0x00,0x00},  /* U+211E */
    {0x00,0x00,0x38,0x08,0x7C,0x4A,0x4A,0x4A,0x7C,0x68,0x58,0x48,0x4C,0x4A,0x08,0x00},  /* U+211F */
    {0x00,0x00,0x00,0x00,0x71,0x9B,0x55,0x31,0xD1,0x00,0x00,0x00,0x00,0x00,0x00,0x00},  /* U+2120 */
    {0x00,0x00,0x00,0x00,0xFE,0x52,0x5A,0x52,0x5F,0x00,0x00,0x00,0x00,0x00,0x00,0x00},  /* U+2121 */
    {0x00,0x00,0x00,0x00,0xF1,0x5B,0x55,0x51,0x51,0x00,0x00,0x00,0x00,0x00,0x00,0x00},  /* U+2122 */
    {0x00,0x00,0x30,0x0C,0x85,0x89,0x4A,0x52,0x54,0x24,0x28,0x78,0x50,0x80,0x00,0x00},  /* U+2123 */
    {0x00,0x00,0x00,0x00,0x7E,0x0A,0x0A,0x12,0x14,0x24,0x28,0x48,0x50,0x7E,0x00,0x00},  /* U+2124 */
    {0x00,0x00,0x00,0x00,0x3C,0x08,0x10,0x3E,0x04,0x08,0x18,0x04,0x02,0x42,0x3C,0x00},  /* U+2125 */
    {0x00,0x00,0x00,0x00,0x3E,0x41,0x41,0x41,0x41,0x41,0x22,0x14,0x14,0x77,0x00,0x00},  /* U+2126 */
    {0x00,0x00,0x00,0x00,0x77,0x14,0x14,0x22,0x41,0x41,0x41,0x41,0x41,0x3E,0x00,0x00},  /* U+2127 */
    {0x00,0x00,0x00,0x00,0x3C,0x46,0x46,0x06,0x08,0x1E,0x02,0x06,0x66,0xA6,0x66,0x3C},  /* U+2128 */
    {0x00,0x00,0x00,0x00,0x00,0x00,0x30,0x08,0x08,0x08,0x08,0x08,0x08,0x0C,0x00,0x00},  /* U+2129 */
    {0x00,0x00,0x00,0x00,0x42,0x44,0x48,0x50,0x60,0x60,0x50,0x48,0x44,0x42,0x00,0x00},  /* U+212A */
    {0x18,0x24,0x18,0x00,0x18,0x24,0x24,0x42,0x42,0x7E,0x42,0x42,0x42,0x42,0x00,0x00},  /* U+212B */
    {0x00,0x00,0x7E,0x42,0x42,0x5A,0x5A,0x42,0x42,0x5A,0x5A,0x42,0x42,0x7E,0x00,0x00},  /* U+212C */
    {0x00,0x00,0x00,0x00,0x16,0x24,0x68,0x68,0x66,0x66,0x64,0x68,0x22,0x1C,0x00,0x00},  /* U+212D */
    {0x00,0x00,0x00,0x00,0x00,0x1C,0x22,0x63,0x63,0x7F,0x60,0x60,0x22,0x1C,0x00,0x00},  /* U+212E */
    {0x00,0x00,0x00,0x00,0x00,0x00,0x0C,0x12,0x32,0x64,0x78,0x61,0x66,0x38,0x00,0x00},  /* U+212F */
    {0x00,0x00,0x7E,0x42,0x42,0x5A,0x5A,0x42,0x42,0x5A,0x5A,0x42,0x42,0x7E,0x00,0x00},  /* U+2130 */
    {0x00,0x00,0x7E,0x42,0x42,0x5A,0x5A,0x42,0x42,0x5A,0x5A,0x42,0x42,0x7E,0x00,0x00},  /* U+2131 */
    {0x00,0x00,0x00,0x00,0x02,0x02,0x02,0x02,0x02,0x3E,0x02,0x02,0x02,0x7E,0x00,0x00},  /* U+2132 */
    {0x00,0x00,0x7E,0x42,0x42,0x5A,0x5A,0x42,0x42,0x5A,0x5A,0x42,0x42,0x7E,0x00,0x00},  /* U+2133 */
    {0x00,0x00,0x7E,0x42,0x42,0x5A,0x5A,0x42,0x42,0x5A,0x5A,0x42,0x42,0x7E,0x00,0x00},  /* U+2134 */
    {0x00,0x00,0x00,0x00,0x00,0x00,0x44,0x46,0x22,0x14,0x28,0x64,0x72,0x62,0x00,0x00},  /* U+2135 */
    {0x00,0x00,0x00,0x00,0x00,0x10,0x3E,0x02,0x02,0x02,0x02,0x02,0x3F,0x7E,0x00,0x00},  /* U+2136 */
    {0x00,0x00,0x00,0x00,0x00,0x40,0x3C,0x1E,0x02,0x02,0x02,0x0E,0x32,0x32,0x00,0x00},  /* U+2137 */
    {0x00,0x00,0x00,0x00,0x00,0x40,0x3E,0x1F,0x02,0x02,0x02,0x02,0x03,0x02,0x00,0x00},  /* U+2138 */
    {0x00,0x00,0x00,0x00,0x18,0x18,0x00,0x38,0x18,0x18,0x18,0x18,0x7E,0x00,0x00,0x00},  /* U+2139 */
    {0x00,0x00,0x7E,0x42,0x42,0x5A,0x5A,0x42,0x42,0x5A,0x5A,0x42,0x42,0x7E,0x00,0x00},  /* U+213A */
    {0x00,0x00,0x7E,0x42,0x42,0x5A,0x5A,0x42,0x42,0x5A,0x5A,0x42,0x42,0x7E,0x00,0x00},  /* U+213B */
    {0x00,0x00,0x7E,0x42,0x42,0x5A,0x5A,0x42,0x42,0x5A,0x5A,0x42,0x42,0x7E,0x00,0x00},  /* U+213C */
    {0x00,0x00,0x7E,0x42,0x42,0x5A,0x5A,0x42,0x42,0x5A,0x5A,0x42,0x42,0x7E,0x00,0x00},  /* U+213D */
    {0x00,0x00,0x00,0x00,0x7F,0x55,0x53,0x51,0x50,0x50,0x50,0x50,0x50,0x70,0x00,0x00},  /* U+213E */
    {0x00,0x00,0x7E,0x42,0x42,0x5A,0x5A,0x42,0x42,0x5A,0x5A,0x42,0x42,0x7E,0x00,0x00},  /* U+213F */
    {0x00,0x00,0x7E,0x42,0x42,0x5A,0x5A,0x42,0x42,0x5A,0x5A,0x42,0x42,0x7E,0x00,0x00},  /* U+2140 */
    {0x00,0x00,0x00,0x00,0x5C,0x62,0x42,0x42,0x72,0x02,0x02,0x02,0x42,0x3C,0x00,0x00},  /* U+2141 */
    {0x00,0x00,0x00,0x00,0x7E,0x02,0x02,0x02,0x02,0x02,0x02,0x02,0x02,0x02,0x00,0x00},  /* U+2142 */
    {0x00,0x00,0x00,0x00,0x02,0x02,0x02,0x02,0x02,0x02,0x02,0x02,0x02,0x7E,0x00,0x00},  /* U+2143 */
    {0x00,0x00,0x00,0x00,0x08,0x08,0x08,0x08,0x08,0x14,0x22,0x22,0x41,0x41,0x00,0x00},  /* U+2144 */
    {0x00,0x00,0x7E,0x42,0x42,0x5A,0x5A,0x42,0x42,0x5A,0x5A,0x42,0x42,0x7E,0x00,0x00},  /* U+2145 */
    {0x00,0x00,0x7E,0x42,0x42,0x5A,0x5A,0x42,0x42,0x5A,0x5A,0x42,0x42,0x7E,0x00,0x00},  /* U+2146 */
    {0x00,0x00,0x7E,0x42,0x42,0x5A,0x5A,0x42,0x42,0x5A,0x5A,0x42,0x42,0x7E,0x00,0x00},  /* U+2147 */
    {0x00,0x00,0x7E,0x42,0x42,0x5A,0x5A,0x42,0x42,0x5A,0x5A,0x42,0x42,0x7E,0x00,0x00},  /* U+2148 */
    {0x00,0x00,0x7E,0x42,0x42,0x5A,0x5A,0x42,0x42,0x5A,0x5A,0x42,0x42,0x7E,0x00,0x00},  /* U+2149 */
    {0x00,0x00,0x10,0x10,0x7C,0x52,0x52,0x52,0x52,0x5C,0x10,0x10,0x10,0x1E,0x00,0x00},  /* U+214A */
    {0x00,0x00,0x00,0x00,0x4E,0x31,0x21,0x51,0x4A,0x0C,0x14,0x22,0x22,0x1C,0x00,0x00},  /* U+214B */
    {0x00,0x00,0x7E,0x42,0x42,0x5A,0x5A,0x42,0x42,0x5A,0x5A,0x42,0x42,0x7E,0x00,0x00},  /* U+214C */
    {0x00,0x00,0x00,0x00,0x42,0xA2,0xE4,0xA8,0x08,0x13,0x14,0x22,0x41,0x46,0x00,0x00},  /* U+214D */
    {0x00,0x00,0x00,0x00,0x00,0x00,0x00,0x04,0x04,0x04,0x3C,0x04,0x04,0x7C,0x00,0x00},  /* U+214E */
    {0x00,0x00,0x7E,0x42,0x42,0x5A,0x5A,0x42,0x42,0x5A,0x5A,0x42,0x42,0x7E,0x00,0x00},  /* U+214F */
    {0x00,0x00,0x00,0x00,0x00,0x00,0x00,0x10,0x20,0x7F,0x20,0x10,0x00,0x00,0x00,0x00},  /* U+2190 */
    {0x00,0x00,0x08,0x1C,0x2A,0x08,0x08,0x08,0x08,0x08,0x08,0x08,0x08,0x08,0x08,0x08},  /* U+2191 */
    {0x00,0x00,0x00,0x00,0x00,0x00,0x00,0x08,0x04,0xFE,0x04,0x08,0x00,0x00,0x00,0x00},  /* U+2192 */
    {0x08,0x08,0x08,0x08,0x08,0x08,0x08,0x08,0x08,0x08,0x08,0x2A,0x1C,0x08,0x00,0x00},  /* U+2193 */
    {0x00,0x00,0x00,0x00,0x00,0x00,0x00,0x24,0x42,0xFF,0x42,0x24,0x00,0x00,0x00,0x00},  /* U+2194 */
    {0x00,0x00,0x08,0x1C,0x2A,0x08,0x08,0x08,0x08,0x08,0x08,0x2A,0x1C,0x08,0x00,0x00},  /* U+2195 */
    {0x00,0x00,0x00,0x00,0x00,0x78,0x60,0x50,0x48,0x04,0x02,0x00,0x00,0x00,0x00,0x00},  /* U+2196 */
    {0x00,0x00,0x00,0x00,0x00,0x1E,0x06,0x0A,0x12,0x20,0x40,0x00,0x00,0x00,0x00,0x00},  /* U+2197 */
    {0x00,0x00,0x00,0x00,0x00,0x40,0x20,0x12,0x0A,0x06,0x1E,0x00,0x00,0x00,0x00,0x00},  /* U+2198 */
    {0x00,0x00,0x00,0x00,0x00,0x00,0x02,0x04,0x48,0x50,0x60,0x78,0x00,0x00,0x00,0x00},  /* U+2199 */
    {0x00,0x00,0x00,0x00,0x00,0x04,0x04,0x14,0x24,0x7F,0x24,0x14,0x04,0x04,0x00,0x00},  /* U+219A */
    {0x00,0x00,0x00,0x00,0x00,0x20,0x20,0x28,0x24,0xFE,0x24,0x28,0x20,0x20,0x00,0x00},  /* U+219B */
    {0x00,0x00,0x7E,0x42,0x42,0x5A,0x5A,0x42,0x42,0x5A,0x5A,0x42,0x42,0x7E,0x00,0x00},  /* U+219C */
    {0x00,0x00,0x7E,0x42,0x42,0x5A,0x5A,0x42,0x42,0x5A,0x5A,0x42,0x42,0x7E,0x00,0x00},  /* U+219D */
    {0x00,0x00,0x00,0x00,0x00,0x00,0x00,0x24,0x48,0xFF,0x48,0x24,0x00,0x00,0x00,0x00},  /* U+219E */
    {0x00,0x00,0x08,0x1C,0x2A,0x08,0x1C,0x2A,0x08,0x08,0x08,0x08,0x08,0x08,0x08,0x08},  /* U+219F */
    {0x00,0x00,0x00,0x00,0x00,0x00,0x00,0x24,0x12,0xFF,0x12,0x24,0x00,0x00,0x00,0x00},  /* U+21A0 */
    {0x08,0x08,0x08,0x08,0x08,0x08,0x08,0x08,0x08,0x2A,0x1C,0x08,0x2A,0x1C,0x08,0x00},  /* U+21A1 */
    {0x00,0x00,0x00,0x00,0x00,0x00,0x00,0x11,0x22,0x7C,0x22,0x11,0x00,0x00,0x00,0x00},  /* U+21A2 */
    {0x00,0x00,0x00,0x00,0x00,0x00,0x00,0x88,0x44,0x3E,0x44,0x88,0x00,0x00,0x00,0x00},  /* U+21A3 */
    {0x00,0x00,0x00,0x00,0x00,0x00,0x00,0x12,0x22,0x7E,0x22,0x12,0x00,0x00,0x00,0x00},  /* U+21A4 */
    {0x00,0x00,0x08,0x1C,0x2A,0x08,0x08,0x08,0x08,0x08,0x08,0x08,0x08,0x3E,0x00,0x00},  /* U+21A5 */
    {0x00,0x00,0x00,0x00,0x00,0x00,0x00,0x48,0x44,0x7E,0x44,0x48,0x00,0x00,0x00,0x00},  /* U+21A6 */
    {0x00,0x00,0x3E,0x08,0x08,0x08,0x08,0x08,0x08,0x08,0x08,0x2A,0x1C,0x08,0x00,0x00},  /* U+21A7 */
    {0x00,0x00,0x08,0x1C,0x2A,0x08,0x08,0x08,0x08,0x08,0x2A,0x1C,0x08,0x3E,0x00,0x00},  /* U+21A8 */
    {0x00,0x00,0x00,0x00,0x00,0x00,0x02,0x11,0x21,0x7E,0x20,0x10,0x00,0x00,0x00,0x00},  /* U+21A9 */
    {0x00,0x00,0x00,0x00,0x00,0x00,0x20,0x44,0x42,0x3F,0x02,0x04,0x00,0x00,0x00,0x00},  /* U+21AA */
    {0x00,0x00,0x00,0x00,0x00,0x00,0x02,0x15,0x25,0x7E,0x24,0x14,0x00,0x00,0x00,0x00},  /* U+21AB */
    {0x00,0x00,0x00,0x00,0x00,0x00,0x20,0x54,0x52,0x3F,0x12,0x14,0x00,0x00,0x00,0x00},  /* U+21AC */
    {0x00,0x00,0x00,0x00,0x00,0x00,0x00,0x24,0x5A,0xE7,0x42,0x24,0x00,0x00,0x00,0x00},  /* U+21AD */
    {0x00,0x00,0x00,0x00,0x00,0x08,0x08,0x2C,0x4A,0xFF,0x4A,0x2C,0x08,0x08,0x00,0x00},  /* U+21AE */
    {0x00,0x00,0x40,0x40,0x40,0x48,0x58,0x68,0x48,0x08,0x08,0x2A,0x1C,0x08,0x00,0x00},  /* U+21AF */
    {0x00,0x00,0x00,0x00,0x00,0x00,0x00,0x10,0x20,0x78,0x24,0x14,0x04,0x04,0x04,0x04},  /* U+21B0 */
    {0x00,0x00,0x00,0x00,0x00,0x00,0x00,0x08,0x04,0x1E,0x24,0x28,0x20,0x20,0x20,0x20},  /* U+21B1 */
    {0x04,0x04,0x04,0x04,0x04,0x04,0x04,0x14,0x24,0x78,0x20,0x10,0x00,0x00,0x00,0x00},  /* U+21B2 */
    {0x20,0x20,0x20,0x20,0x20,0x20,0x20,0x28,0x24,0x1E,0x04,0x08,0x00,0x00,0x00,0x00},  /* U+21B3 */
    {0x00,0x00,0x00,0x00,0x00,0x00,0x00,0x00,0x00,0xFC,0x04,0x15,0x0E,0x04,0x00,0x00},  /* U+21B4 */
    {0x04,0x04,0x04,0x04,0x04,0x04,0x04,0x14,0x24,0x7C,0x20,0x10,0x00,0x00,0x00,0x00},  /* U+21B5 */
    {0x00,0x00,0x00,0x00,0x00,0x00,0x1E,0x21,0xA9,0x71,0x20,0x00,0x00,0x00,0x00,0x00},  /* U+21B6 */
    {0x00,0x00,0x00,0x00,0x00,0x00,0x78,0x84,0x95,0x8E,0x04,0x00,0x00,0x00,0x00,0x00},  /* U+21B7 */
    {0x00,0x00,0x00,0x7E,0x00,0x78,0x60,0x50,0x48,0x04,0x02,0x00,0x00,0x00,0x00,0x00},  /* U+21B8 */
    {0x00,0x00,0x00,0x50,0x60,0x7E,0x60,0x50,0x00,0x0A,0x06,0x7E,0x06,0x0A,0x00,0x00},  /* U+21B9 */
    {0x00,0x00,0x00,0x00,0x00,0x00,0x00,0x2E,0x4C,0x4A,0x42,0x42,0x3C,0x00,0x00,0x00},  /* U+21BA */
    {0x00,0x00,0x00,0x00,0x00,0x00,0x00,0x74,0x32,0x52,0x42,0x42,0x3C,0x00,0x00,0x00},  /* U+21BB */
    {0x00,0x00,0x00,0x00,0x00,0x00,0x00,0x10,0x20,0x7F,0x00,0x00,0x00,0x00,0x00,0x00},  /* U+21BC */
    {0x00,0x00,0x00,0x00,0x00,0x00,0x00,0x00,0x00,0x7F,0x20,0x10,0x00,0x00,0x00,0x00},  /* U+21BD */
    {0x00,0x00,0x08,0x0C,0x0A,0x08,0x08,0x08,0x08,0x08,0x08,0x08,0x08,0x08,0x08,0x08},  /* U+21BE */
    {0x00,0x00,0x08,0x18,0x28,0x08,0x08,0x08,0x08,0x08,0x08,0x08,0x08,0x08,0x08,0x08},  /* U+21BF */
    {0x00,0x00,0x00,0x00,0x00,0x00,0x00,0xFF,0x00,0x00,0x00,0x00,0x00,0x00,0x00,0x00},  /* U+2500 */
    {0x00,0x00,0x00,0x00,0x00,0x00,0x00,0xFF,0xFF,0x00,0x00,0x00,0x00,0x00,0x00,0x00},  /* U+2501 */
    {0x08,0x08,0x08,0x08,0x08,0x08,0x08,0x08,0x08,0x08,0x08,0x08,0x08,0x08,0x08,0x08},  /* U+2502 */
    {0x18,0x18,0x18,0x18,0x18,0x18,0x18,0x18,0x18,0x18,0x18,0x18,0x18,0x18,0x18,0x18},  /* U+2503 */
    {0x00,0x00,0x00,0x00,0x00,0x00,0x00,0xDB,0x00,0x00,0x00,0x00,0x00,0x00,0x00,0x00},  /* U+2504 */
    {0x00,0x00,0x00,0x00,0x00,0x00,0x00,0xDB,0xDB,0x00,0x00,0x00,0x00,0x00,0x00,0x00},  /* U+2505 */
    {0x08,0x08,0x08,0x08,0x00,0x00,0x08,0x08,0x08,0x08,0x00,0x00,0x08,0x08,0x08,0x08},  /* U+2506 */
    {0x18,0x18,0x18,0x18,0x00,0x00,0x18,0x18,0x18,0x18,0x00,0x00,0x18,0x18,0x18,0x18},  /* U+2507 */
    {0x00,0x00,0x00,0x00,0x00,0x00,0x00,0xAA,0x00,0x00,0x00,0x00,0x00,0x00,0x00,0x00},  /* U+2508 */
    {0x00,0x00,0x00,0x00,0x00,0x00,0x00,0xAA,0xAA,0x00,0x00,0x00,0x00,0x00,0x00,0x00},  /* U+2509 */
    {0x08,0x08,0x08,0x00,0x08,0x08,0x08,0x00,0x08,0x08,0x08,0x00,0x08,0x08,0x08,0x00},  /* U+250A */
    {0x18,0x18,0x18,0x00,0x18,0x18,0x18,0x00,0x18,0x18,0x18,0x00,0x18,0x18,0x18,0x00},  /* U+250B */
    {0x00,0x00,0x00,0x00,0x00,0x00,0x00,0x0F,0x08,0x08,0x08,0x08,0x08,0x08,0x08,0x08},  /* U+250C */
    {0x00,0x00,0x00,0x00,0x00,0x00,0x00,0x0F,0x0F,0x08,0x08,0x08,0x08,0x08,0x08,0x08},  /* U+250D */
    {0x00,0x00,0x00,0x00,0x00,0x00,0x00,0x1F,0x18,0x18,0x18,0x18,0x18,0x18,0x18,0x18},  /* U+250E */
    {0x00,0x00,0x00,0x00,0x00,0x00,0x00,0x1F,0x1F,0x18,0x18,0x18,0x18,0x18,0x18,0x18},  /* U+250F */
    {0x00,0x00,0x00,0x00,0x00,0x00,0x00,0xF8,0x08,0x08,0x08,0x08,0x08,0x08,0x08,0x08},  /* U+2510 */
    {0x00,0x00,0x00,0x00,0x00,0x00,0x00,0xF8,0xF8,0x08,0x08,0x08,0x08,0x08,0x08,0x08},  /* U+2511 */
    {0x00,0x00,0x00,0x00,0x00,0x00,0x00,0xF8,0x18,0x18,0x18,0x18,0x18,0x18,0x18,0x18},  /* U+2512 */
    {0x00,0x00,0x00,0x00,0x00,0x00,0x00,0xF8,0xF8,0x18,0x18,0x18,0x18,0x18,0x18,0x18},  /* U+2513 */
    {0x08,0x08,0x08,0x08,0x08,0x08,0x08,0x0F,0x00,0x00,0x00,0x00,0x00,0x00,0x00,0x00},  /* U+2514 */
    {0x08,0x08,0x08,0x08,0x08,0x08,0x08,0x0F,0x0F,0x00,0x00,0x00,0x00,0x00,0x00,0x00},  /* U+2515 */
    {0x18,0x18,0x18,0x18,0x18,0x18,0x18,0x1F,0x00,0x00,0x00,0x00,0x00,0x00,0x00,0x00},  /* U+2516 */
    {0x18,0x18,0x18,0x18,0x18,0x18,0x18,0x1F,0x1F,0x00,0x00,0x00,0x00,0x00,0x00,0x00},  /* U+2517 */
    {0x08,0x08,0x08,0x08,0x08,0x08,0x08,0xF8,0x00,0x00,0x00,0x00,0x00,0x00,0x00,0x00},  /* U+2518 */
    {0x08,0x08,0x08,0x08,0x08,0x08,0x08,0xF8,0xF8,0x00,0x00,0x00,0x00,0x00,0x00,0x00},  /* U+2519 */
    {0x18,0x18,0x18,0x18,0x18,0x18,0x18,0xF8,0x00,0x00,0x00,0x00,0x00,0x00,0x00,0x00},  /* U+251A */
    {0x18,0x18,0x18,0x18,0x18,0x18,0x18,0xF8,0xF8,0x00,0x00,0x00,0x00,0x00,0x00,0x00},  /* U+251B */
    {0x08,0x08,0x08,0x08,0x08,0x08,0x08,0x0F,0x08,0x08,0x08,0x08,0x08,0x08,0x08,0x08},  /* U+251C */
    {0x08,0x08,0x08,0x08,0x08,0x08,0x08,0x0F,0x0F,0x08,0x08,0x08,0x08,0x08,0x08,0x08},  /* U+251D */
    {0x18,0x18,0x18,0x18,0x18,0x18,0x18,0x1F,0x08,0x08,0x08,0x08,0x08,0x08,0x08,0x08},  /* U+251E */
    {0x08,0x08,0x08,0x08,0x08,0x08,0x08,0x1F,0x18,0x18,0x18,0x18,0x18,0x18,0x18,0x18},  /* U+251F */
    {0x18,0x18,0x18,0x18,0x18,0x18,0x18,0x1F,0x18,0x18,0x18,0x18,0x18,0x18,0x18,0x18},  /* U+2520 */
    {0x18,0x18,0x18,0x18,0x18,0x18,0x18,0x1F,0x1F,0x08,0x08,0x08,0x08,0x08,0x08,0x08},  /* U+2521 */
    {0x08,0x08,0x08,0x08,0x08,0x08,0x08,0x1F,0x1F,0x18,0x18,0x18,0x18,0x18,0x18,0x18},  /* U+2522 */
    {0x18,0x18,0x18,0x18,0x18,0x18,0x18,0x1F,0x1F,0x18,0x18,0x18,0x18,0x18,0x18,0x18},  /* U+2523 */
    {0x08,0x08,0x08,0x08,0x08,0x08,0x08,0xF8,0x08,0x08,0x08,0x08,0x08,0x08,0x08,0x08},  /* U+2524 */
    {0x08,0x08,0x08,0x08,0x08,0x08,0x08,0xF8,0xF8,0x08,0x08,0x08,0x08,0x08,0x08,0x08},  /* U+2525 */
    {0x18,0x18,0x18,0x18,0x18,0x18,0x18,0xF8,0x08,0x08,0x08,0x08,0x08,0x08,0x08,0x08},  /* U+2526 */
    {0x08,0x08,0x08,0x08,0x08,0x08,0x08,0xF8,0x18,0x18,0x18,0x18,0x18,0x18,0x18,0x18},  /* U+2527 */
    {0x18,0x18,0x18,0x18,0x18,0x18,0x18,0xF8,0x18,0x18,0x18,0x18,0x18,0x18,0x18,0x18},  /* U+2528 */
    {0x18,0x18,0x18,0x18,0x18,0x18,0x18,0xF8,0xF8,0x08,0x08,0x08,0x08,0x08,0x08,0x08},  /* U+2529 */
    {0x08,0x08,0x08,0x08,0x08,0x08,0x08,0xF8,0xF8,0x18,0x18,0x18,0x18,0x18,0x18,0x18},  /* U+252A */
    {0x18,0x18,0x18,0x18,0x18,0x18,0x18,0xF8,0xF8,0x18,0x18,0x18,0x18,0x18,0x18,0x18},  /* U+252B */
    {0x00,0x00,0x00,0x00,0x00,0x00,0x00,0xFF,0x08,0x08,0x08,0x08,0x08,0x08,0x08,0x08},  /* U+252C */
    {0x00,0x00,0x00,0x00,0x00,0x00,0x00,0xFF,0xF8,0x08,0x08,0x08,0x08,0x08,0x08,0x08},  /* U+252D */
    {0x00,0x00,0x00,0x00,0x00,0x00,0x00,0xFF,0x0F,0x08,0x08,0x08,0x08,0x08,0x08,0x08},  /* U+252E */
    {0x00,0x00,0x00,0x00,0x00,0x00,0x00,0xFF,0xFF,0x08,0x08,0x08,0x08,0x08,0x08,0x08},  /* U+252F */
    {0x00,0x00,0x00,0x00,0x00,0x00,0x00,0xFF,0x18,0x18,0x18,0x18,0x18,0x18,0x18,0x18},  /* U+2530 */
    {0x00,0x00,0x00,0x00,0x00,0x00,0x00,0xFF,0xF8,0x18,0x18,0x18,0x18,0x18,0x18,0x18},  /* U+2531 */
    {0x00,0x00,0x00,0x00,0x00,0x00,0x00,0xFF,0x1F,0x18,0x18,0x18,0x18,0x18,0x18,0x18},  /* U+2532 */
    {0x00,0x00,0x00,0x00,0x00,0x00,0x00,0xFF,0xFF,0x18,0x18,0x18,0x18,0x18,0x18,0x18},  /* U+2533 */
    {0x08,0x08,0x08,0x08,0x08,0x08,0x08,0xFF,0x00,0x00,0x00,0x00,0x00,0x00,0x00,0x00},  /* U+2534 */
    {0x08,0x08,0x08,0x08,0x08,0x08,0x08,0xFF,0xF8,0x00,0x00,0x00,0x00,0x00,0x00,0x00},  /* U+2535 */
    {0x08,0x08,0x08,0x08,0x08,0x08,0x08,0xFF,0x0F,0x00,0x00,0x00,0x00,0x00,0x00,0x00},  /* U+2536 */
    {0x08,0x08,0x08,0x08,0x08,0x08,0x08,0xFF,0xFF,0x00,0x00,0x00,0x00,0x00,0x00,0x00},  /* U+2537 */
    {0x18,0x18,0x18,0x18,0x18,0x18,0x18,0xFF,0x00,0x00,0x00,0x00,0x00,0x00,0x00,0x00},  /* U+2538 */
    {0x18,0x18,0x18,0x18,0x18,0x18,0x18,0xFF,0xF8,0x00,0x00,0x00,0x00,0x00,0x00,0x00},  /* U+2539 */
    {0x18,0x18,0x18,0x18,0x18,0x18,0x18,0xFF,0x1F,0x00,0x00,0x00,0x00,0x00,0x00,0x00},  /* U+253A */
    {0x18,0x18,0x18,0x18,0x18,0x18,0x18,0xFF,0xFF,0x00,0x00,0x00,0x00,0x00,0x00,0x00},  /* U+253B */
    {0x08,0x08,0x08,0x08,0x08,0x08,0x08,0xFF,0x08,0x08,0x08,0x08,0x08,0x08,0x08,0x08},  /* U+253C */
    {0x08,0x08,0x08,0x08,0x08,0x08,0x08,0xFF,0xF8,0x08,0x08,0x08,0x08,0x08,0x08,0x08},  /* U+253D */
    {0x08,0x08,0x08,0x08,0x08,0x08,0x08,0xFF,0x0F,0x08,0x08,0x08,0x08,0x08,0x08,0x08},  /* U+253E */
    {0x08,0x08,0x08,0x08,0x08,0x08,0x08,0xFF,0xFF,0x08,0x08,0x08,0x08,0x08,0x08,0x08},  /* U+253F */
    {0x18,0x18,0x18,0x18,0x18,0x18,0x18,0xFF,0x08,0x08,0x08,0x08,0x08,0x08,0x08,0x08},  /* U+2540 */
    {0x08,0x08,0x08,0x08,0x08,0x08,0x08,0xFF,0x18,0x18,0x18,0x18,0x18,0x18,0x18,0x18},  /* U+2541 */
    {0x18,0x18,0x18,0x18,0x18,0x18,0x18,0xFF,0x18,0x18,0x18,0x18,0x18,0x18,0x18,0x18},  /* U+2542 */
    {0x18,0x18,0x18,0x18,0x18,0x18,0x18,0xFF,0xF8,0x08,0x08,0x08,0x08,0x08,0x08,0x08},  /* U+2543 */
    {0x18,0x18,0x18,0x18,0x18,0x18,0x18,0xFF,0x1F,0x08,0x08,0x08,0x08,0x08,0x08,0x08},  /* U+2544 */
    {0x08,0x08,0x08,0x08,0x08,0x08,0x08,0xFF,0xF8,0x18,0x18,0x18,0x18,0x18,0x18,0x18},  /* U+2545 */
    {0x08,0x08,0x08,0x08,0x08,0x08,0x08,0xFF,0x1F,0x18,0x18,0x18,0x18,0x18,0x18,0x18},  /* U+2546 */
    {0x18,0x18,0x18,0x18,0x18,0x18,0x18,0xFF,0xFF,0x08,0x08,0x08,0x08,0x08,0x08,0x08},  /* U+2547 */
    {0x08,0x08,0x08,0x08,0x08,0x08,0x08,0xFF,0xFF,0x18,0x18,0x18,0x18,0x18,0x18,0x18},  /* U+2548 */
    {0x18,0x18,0x18,0x18,0x18,0x18,0x18,0xFF,0xF8,0x18,0x18,0x18,0x18,0x18,0x18,0x18},  /* U+2549 */
    {0x18,0x18,0x18,0x18,0x18,0x18,0x18,0xFF,0x1F,0x18,0x18,0x18,0x18,0x18,0x18,0x18},  /* U+254A */
    {0x18,0x18,0x18,0x18,0x18,0x18,0x18,0xFF,0xFF,0x18,0x18,0x18,0x18,0x18,0x18,0x18},  /* U+254B */
    {0x00,0x00,0x00,0x00,0x00,0x00,0x00,0xEE,0x00,0x00,0x00,0x00,0x00,0x00,0x00,0x00},  /* U+254C */
    {0x00,0x00,0x00,0x00,0x00,0x00,0x00,0xEE,0xEE,0x00,0x00,0x00,0x00,0x00,0x00,0x00},  /* U+254D */
    {0x08,0x08,0x08,0x08,0x08,0x08,0x00,0x00,0x08,0x08,0x08,0x08,0x08,0x08,0x00,0x00},  /* U+254E */
    {0x18,0x18,0x18,0x18,0x18,0x18,0x00,0x00,0x18,0x18,0x18,0x18,0x18,0x18,0x00,0x00},  /* U+254F */
    {0x00,0x00,0x00,0x00,0x00,0x00,0xFF,0x00,0xFF,0x00,0x00,0x00,0x00,0x00,0x00,0x00},  /* U+2550 */
    {0x14,0x14,0x14,0x14,0x14,0x14,0x14,0x14,0x14,0x14,0x14,0x14,0x14,0x14,0x14,0x14},  /* U+2551 */
    {0x00,0x00,0x00,0x00,0x00,0x00,0x0F,0x08,0x0F,0x08,0x08,0x08,0x08,0x08,0x08,0x08},  /* U+2552 */
    {0x00,0x00,0x00,0x00,0x00,0x00,0x00,0x1F,0x14,0x14,0x14,0x14,0x14,0x14,0x14,0x14},  /* U+2553 */
    {0x00,0x00,0x00,0x00,0x00,0x00,0x1F,0x10,0x17,0x14,0x14,0x14,0x14,0x14,0x14,0x14},  /* U+2554 */
    {0x00,0x00,0x00,0x00,0x00,0x00,0xF8,0x08,0xF8,0x08,0x08,0x08,0x08,0x08,0x08,0x08},  /* U+2555 */
    {0x00,0x00,0x00,0x00,0x00,0x00,0x00,0xFC,0x14,0x14,0x14,0x14,0x14,0x14,0x14,0x14},  /* U+2556 */
    {0x00,0x00,0x00,0x00,0x00,0x00,0xFC,0x04,0xF4,0x14,0x14,0x14,0x14,0x14,0x14,0x14},  /* U+2557 */
    {0x08,0x08,0x08,0x08,0x08,0x08,0x0F,0x08,0x0F,0x00,0x00,0x00,0x00,0x00,0x00,0x00},  /* U+2558 */
    {0x14,0x14,0x14,0x14,0x14,0x14,0x14,0x1F,0x00,0x00,0x00,0x00,0x00,0x00,0x00,0x00},  /* U+2559 */
    {0x14,0x14,0x14,0x14,0x14,0x14,0x17,0x10,0x1F,0x00,0x00,0x00,0x00,0x00,0x00,0x00},  /* U+255A */
    {0x08,0x08,0x08,0x08,0x08,0x08,0xF8,0x08,0xF8,0x00,0x00,0x00,0x00,0x00,0x00,0x00},  /* U+255B */
    {0x14,0x14,0x14,0x14,0x14,0x14,0x14,0xFC,0x00,0x00,0x00,0x00,0x00,0x00,0x00,0x00},  /* U+255C */
    {0x14,0x14,0x14,0x14,0x14,0x14,0xF4,0x04,0xFC,0x00,0x00,0x00,0x00,0x00,0x00,0x00},  /* U+255D */
    {0x08,0x08,0x08,0x08,0x08,0x08,0x0F,0x08,0x0F,0x08,0x08,0x08,0x08,0x08,0x08,0x08},  /* U+255E */
    {0x14,0x14,0x14,0x14,0x14,0x14,0x14,0x17,0x14,0x14,0x14,0x14,0x14,0x14,0x14,0x14},  /* U+255F */
    {0x14,0x14,0x14,0x14,0x14,0x14,0x17,0x10,0x17,0x14,0x14,0x14,0x14,0x14,0x14,0x14},  /* U+2560 */
    {0x08,0x08,0x08,0x08,0x08,0x08,0xF8,0x08,0xF8,0x08,0x08,0x08,0x08,0x08,0x08,0x08},  /* U+2561 */
    {0x14,0x14,0x14,0x14,0x14,0x14,0x14,0xF4,0x14,0x14,0x14,0x14,0x14,0x14,0x14,0x14},  /* U+2562 */
    {0x14,0x14,0x14,0x14,0x14,0x14,0xF4,0x04,0xF4,0x14,0x14,0x14,0x14,0x14,0x14,0x14},  /* U+2563 */
    {0x00,0x00,0x00,0x00,0x00,0x00,0xFF,0x00,0xFF,0x08,0x08,0x08,0x08,0x08,0x08,0x08},  /* U+2564 */
    {0x00,0x00,0x00,0x00,0x00,0x00,0x00,0xFF,0x14,0x14,0x14,0x14,0x14,0x14,0x14,0x14},  /* U+2565 */
    {0x00,0x00,0x00,0x00,0x00,0x00,0xFF,0x00,0xF7,0x14,0x14,0x14,0x14,0x14,0x14,0x14},  /* U+2566 */
    {0x08,0x08,0x08,0x08,0x08,0x08,0xFF,0x00,0xFF,0x00,0x00,0x00,0x00,0x00,0x00,0x00},  /* U+2567 */
    {0x14,0x14,0x14,0x14,0x14,0x14,0x14,0xFF,0x00,0x00,0x00,0x00,0x00,0x00,0x00,0x00},  /* U+2568 */
    {0x14,0x14,0x14,0x14,0x14,0x14,0xF7,0x00,0xFF,0x00,0x00,0x00,0x00,0x00,0x00,0x00},  /* U+2569 */
    {0x08,0x08,0x08,0x08,0x08,0x08,0xFF,0x08,0xFF,0x08,0x08,0x08,0x08,0x08,0x08,0x08},  /* U+256A */
    {0x14,0x14,0x14,0x14,0x14,0x14,0x14,0xFF,0x14,0x14,0x14,0x14,0x14,0x14,0x14,0x14},  /* U+256B */
    {0x14,0x14,0x14,0x14,0x14,0x14,0xF7,0x00,0xF7,0x14,0x14,0x14,0x14,0x14,0x14,0x14},  /* U+256C */
    {0x00,0x00,0x00,0x00,0x00,0x00,0x00,0x03,0x04,0x08,0x08,0x08,0x08,0x08,0x08,0x08},  /* U+256D */
    {0x00,0x00,0x00,0x00,0x00,0x00,0x00,0xE0,0x10,0x08,0x08,0x08,0x08,0x08,0x08,0x08},  /* U+256E */
    {0x08,0x08,0x08,0x08,0x08,0x08,0x10,0xE0,0x00,0x00,0x00,0x00,0x00,0x00,0x00,0x00},  /* U+256F */
    {0x08,0x08,0x08,0x08,0x08,0x08,0x04,0x03,0x00,0x00,0x00,0x00,0x00,0x00,0x00,0x00},  /* U+2570 */
    {0x01,0x01,0x02,0x02,0x04,0x04,0x08,0x08,0x10,0x10,0x20,0x20,0x40,0x40,0x80,0x80},  /* U+2571 */
    {0x80,0x80,0x40,0x40,0x20,0x20,0x10,0x10,0x08,0x08,0x04,0x04,0x02,0x02,0x01,0x01},  /* U+2572 */
    {0x81,0x81,0x42,0x42,0x24,0x24,0x18,0x18,0x18,0x18,0x24,0x24,0x42,0x42,0x81,0x81},  /* U+2573 */
    {0x00,0x00,0x00,0x00,0x00,0x00,0x00,0xF0,0x00,0x00,0x00,0x00,0x00,0x00,0x00,0x00},  /* U+2574 */
    {0x08,0x08,0x08,0x08,0x08,0x08,0x08,0x08,0x00,0x00,0x00,0x00,0x00,0x00,0x00,0x00},  /* U+2575 */
    {0x00,0x00,0x00,0x00,0x00,0x00,0x00,0x0F,0x00,0x00,0x00,0x00,0x00,0x00,0x00,0x00},  /* U+2576 */
    {0x00,0x00,0x00,0x00,0x00,0x00,0x00,0x00,0x08,0x08,0x08,0x08,0x08,0x08,0x08,0x08},  /* U+2577 */
    {0x00,0x00,0x00,0x00,0x00,0x00,0x00,0xF0,0xF0,0x00,0x00,0x00,0x00,0x00,0x00,0x00},  /* U+2578 */
    {0x18,0x18,0x18,0x18,0x18,0x18,0x18,0x18,0x00,0x00,0x00,0x00,0x00,0x00,0x00,0x00},  /* U+2579 */
    {0x00,0x00,0x00,0x00,0x00,0x00,0x00,0x0F,0x0F,0x00,0x00,0x00,0x00,0x00,0x00,0x00},  /* U+257A */
    {0x00,0x00,0x00,0x00,0x00,0x00,0x00,0x00,0x18,0x18,0x18,0x18,0x18,0x18,0x18,0x18},  /* U+257B */
    {0x00,0x00,0x00,0x00,0x00,0x00,0x00,0xFF,0x0F,0x00,0x00,0x00,0x00,0x00,0x00,0x00},  /* U+257C */
    {0x08,0x08,0x08,0x08,0x08,0x08,0x08,0x08,0x18,0x18,0x18,0x18,0x18,0x18,0x18,0x18},  /* U+257D */
    {0x00,0x00,0x00,0x00,0x00,0x00,0x00,0xFF,0xF0,0x00,0x00,0x00,0x00,0x00,0x00,0x00},  /* U+257E */
    {0x18,0x18,0x18,0x18,0x18,0x18,0x18,0x18,0x08,0x08,0x08,0x08,0x08,0x08,0x08,0x08},  /* U+257F */
    {0xFF,0xFF,0xFF,0xFF,0xFF,0xFF,0xFF,0xFF,0x00,0x00,0x00,0x00,0x00,0x00,0x00,0x00},  /* U+2580 */
    {0x00,0x00,0x00,0x00,0x00,0x00,0x00,0x00,0x00,0x00,0x00,0x00,0x00,0x00,0xFF,0xFF},  /* U+2581 */
    {0x00,0x00,0x00,0x00,0x00,0x00,0x00,0x00,0x00,0x00,0x00,0x00,0xFF,0xFF,0xFF,0xFF},  /* U+2582 */
    {0x00,0x00,0x00,0x00,0x00,0x00,0x00,0x00,0x00,0x00,0xFF,0xFF,0xFF,0xFF,0xFF,0xFF},  /* U+2583 */
    {0x00,0x00,0x00,0x00,0x00,0x00,0x00,0x00,0xFF,0xFF,0xFF,0xFF,0xFF,0xFF,0xFF,0xFF},  /* U+2584 */
    {0x00,0x00,0x00,0x00,0x00,0x00,0xFF,0xFF,0xFF,0xFF,0xFF,0xFF,0xFF,0xFF,0xFF,0xFF},  /* U+2585 */
    {0x00,0x00,0x00,0x00,0xFF,0xFF,0xFF,0xFF,0xFF,0xFF,0xFF,0xFF,0xFF,0xFF,0xFF,0xFF},  /* U+2586 */
    {0x00,0x00,0xFF,0xFF,0xFF,0xFF,0xFF,0xFF,0xFF,0xFF,0xFF,0xFF,0xFF,0xFF,0xFF,0xFF},  /* U+2587 */
    {0xFF,0xFF,0xFF,0xFF,0xFF,0xFF,0xFF,0xFF,0xFF,0xFF,0xFF,0xFF,0xFF,0xFF,0xFF,0xFF},  /* U+2588 */
    {0xFE,0xFE,0xFE,0xFE,0xFE,0xFE,0xFE,0xFE,0xFE,0xFE,0xFE,0xFE,0xFE,0xFE,0xFE,0xFE},  /* U+2589 */
    {0xFC,0xFC,0xFC,0xFC,0xFC,0xFC,0xFC,0xFC,0xFC,0xFC,0xFC,0xFC,0xFC,0xFC,0xFC,0xFC},  /* U+258A */
    {0xF8,0xF8,0xF8,0xF8,0xF8,0xF8,0xF8,0xF8,0xF8,0xF8,0xF8,0xF8,0xF8,0xF8,0xF8,0xF8},  /* U+258B */
    {0xF0,0xF0,0xF0,0xF0,0xF0,0xF0,0xF0,0xF0,0xF0,0xF0,0xF0,0xF0,0xF0,0xF0,0xF0,0xF0},  /* U+258C */
    {0xE0,0xE0,0xE0,0xE0,0xE0,0xE0,0xE0,0xE0,0xE0,0xE0,0xE0,0xE0,0xE0,0xE0,0xE0,0xE0},  /* U+258D */
    {0xC0,0xC0,0xC0,0xC0,0xC0,0xC0,0xC0,0xC0,0xC0,0xC0,0xC0,0xC0,0xC0,0xC0,0xC0,0xC0},  /* U+258E */
    {0x80,0x80,0x80,0x80,0x80,0x80,0x80,0x80,0x80,0x80,0x80,0x80,0x80,0x80,0x80,0x80},  /* U+258F */
    {0x0F,0x0F,0x0F,0x0F,0x0F,0x0F,0x0F,0x0F,0x0F,0x0F,0x0F,0x0F,0x0F,0x0F,0x0F,0x0F},  /* U+2590 */
    {0x88,0x22,0x88,0x22,0x88,0x22,0x88,0x22,0x88,0x22,0x88,0x22,0x88,0x22,0x88,0x22},  /* U+2591 */
    {0xAA,0x55,0xAA,0x55,0xAA,0x55,0xAA,0x55,0xAA,0x55,0xAA,0x55,0xAA,0x55,0xAA,0x55},  /* U+2592 */
    {0xEE,0xBB,0xEE,0xBB,0xEE,0xBB,0xEE,0xBB,0xEE,0xBB,0xEE,0xBB,0xEE,0xBB,0xEE,0xBB},  /* U+2593 */
    {0xFF,0xFF,0x00,0x00,0x00,0x00,0x00,0x00,0x00,0x00,0x00,0x00,0x00,0x00,0x00,0x00},  /* U+2594 */
    {0x01,0x01,0x01,0x01,0x01,0x01,0x01,0x01,0x01,0x01,0x01,0x01,0x01,0x01,0x01,0x01},  /* U+2595 */
    {0x00,0x00,0x00,0x00,0x00,0x00,0x00,0x00,0xF0,0xF0,0xF0,0xF0,0xF0,0xF0,0xF0,0xF0},  /* U+2596 */
    {0x00,0x00,0x00,0x00,0x00,0x00,0x00,0x00,0x0F,0x0F,0x0F,0x0F,0x0F,0x0F,0x0F,0x0F},  /* U+2597 */
    {0xF0,0xF0,0xF0,0xF0,0xF0,0xF0,0xF0,0xF0,0x00,0x00,0x00,0x00,0x00,0x00,0x00,0x00},  /* U+2598 */
    {0xF0,0xF0,0xF0,0xF0,0xF0,0xF0,0xF0,0xF0,0xFF,0xFF,0xFF,0xFF,0xFF,0xFF,0xFF,0xFF},  /* U+2599 */
    {0xF0,0xF0,0xF0,0xF0,0xF0,0xF0,0xF0,0xF0,0x0F,0x0F,0x0F,0x0F,0x0F,0x0F,0x0F,0x0F},  /* U+259A */
    {0xFF,0xFF,0xFF,0xFF,0xFF,0xFF,0xFF,0xFF,0xF0,0xF0,0xF0,0xF0,0xF0,0xF0,0xF0,0xF0},  /* U+259B */
    {0xFF,0xFF,0xFF,0xFF,0xFF,0xFF,0xFF,0xFF,0x0F,0x0F,0x0F,0x0F,0x0F,0x0F,0x0F,0x0F},  /* U+259C */
    {0x0F,0x0F,0x0F,0x0F,0x0F,0x0F,0x0F,0x0F,0x00,0x00,0x00,0x00,0x00,0x00,0x00,0x00},  /* U+259D */
    {0x0F,0x0F,0x0F,0x0F,0x0F,0x0F,0x0F,0x0F,0xF0,0xF0,0xF0,0xF0,0xF0,0xF0,0xF0,0xF0},  /* U+259E */
    {0x0F,0x0F,0x0F,0x0F,0x0F,0x0F,0x0F,0x0F,0xFF,0xFF,0xFF,0xFF,0xFF,0xFF,0xFF,0xFF},  /* U+259F */
    {0x00,0x00,0x00,0x00,0x00,0x00,0x00,0x7F,0x7F,0x7F,0x7F,0x7F,0x7F,0x7F,0x00,0x00},  /* U+25A0 */
    {0x00,0x00,0x00,0x00,0x00,0x00,0x7F,0x41,0x41,0x41,0x41,0x41,0x7F,0x00,0x00,0x00},  /* U+25A1 */
    {0x00,0x00,0x00,0x00,0x00,0x00,0x3E,0x41,0x41,0x41,0x41,0x41,0x3E,0x00,0x00,0x00},  /* U+25A2 */
    {0x00,0x00,0x00,0x00,0x00,0x00,0x7F,0x41,0x5D,0x5D,0x5D,0x41,0x7F,0x00,0x00,0x00},  /* U+25A3 */
    {0x00,0x00,0x00,0x00,0x00,0x00,0x7F,0x41,0x7F,0x41,0x7F,0x41,0x7F,0x00,0x00,0x00},  /* U+25A4 */
    {0x00,0x00,0x00,0x00,0x00,0x00,0x7F,0x55,0x55,0x55,0x55,0x55,0x7F,0x00,0x00,0x00},  /* U+25A5 */
    {0x00,0x00,0x00,0x00,0x00,0x00,0x7F,0x55,0x7F,0x55,0x7F,0x55,0x7F,0x00,0x00,0x00},  /* U+25A6 */
    {0x00,0x00,0x00,0x00,0x00,0x00,0x7F,0x53,0x49,0x65,0x53,0x49,0x7F,0x00,0x00,0x00},  /* U+25A7 */
    {0x00,0x00,0x00,0x00,0x00,0x00,0x7F,0x65,0x49,0x53,0x65,0x49,0x7F,0x00,0x00,0x00},  /* U+25A8 */
    {0x00,0x00,0x00,0x00,0x00,0x00,0x7F,0x55,0x6B,0x55,0x6B,0x55,0x7F,0x00,0x00,0x00},  /* U+25A9 */
    {0x00,0x00,0x00,0x00,0x00,0x00,0x00,0x00,0x3C,0x3C,0x3C,0x3C,0x00,0x00,0x00,0x00},  /* U+25AA */
    {0x00,0x00,0x00,0x00,0x00,0x00,0x3C,0x24,0x24,0x3C,0x00,0x00,0x00,0x00,0x00,0x00},  /* U+25AB */
    {0x00,0x00,0x00,0x00,0x00,0x00,0x7F,0x7F,0x7F,0x7F,0x00,0x00,0x00,0x00,0x00,0x00},  /* U+25AC */
    {0x00,0x00,0x00,0x00,0x00,0x00,0x7F,0x41,0x41,0x7F,0x00,0x00,0x00,0x00,0x00,0x00},  /* U+25AD */
    {0x00,0x00,0x00,0x00,0x00,0x3C,0x3C,0x3C,0x3C,0x3C,0x3C,0x3C,0x00,0x00,0x00,0x00},  /* U+25AE */
    {0x00,0x00,0x00,0x00,0x00,0x3C,0x24,0x24,0x24,0x24,0x24,0x3C,0x00,0x00,0x00,0x00},  /* U+25AF */
    {0x00,0x00,0x00,0x00,0x00,0x00,0x00,0x3F,0x7E,0xFC,0x00,0x00,0x00,0x00,0x00,0x00},  /* U+25B0 */
    {0x00,0x00,0x00,0x00,0x00,0x00,0x00,0x3F,0x42,0xFC,0x00,0x00,0x00,0x00,0x00,0x00},  /* U+25B1 */
    {0x00,0x00,0x00,0x00,0x00,0x18,0x18,0x3C,0x3C,0x7E,0x7E,0x00,0x00,0x00,0x00,0x00},  /* U+25B2 */
    {0x00,0x00,0x00,0x00,0x00,0x18,0x18,0x24,0x24,0x42,0x7E,0x00,0x00,0x00,0x00,0x00},  /* U+25B3 */
    {0x00,0x00,0x00,0x00,0x00,0x00,0x00,0x00,0x18,0x3C,0x7E,0x00,0x00,0x00,0x00,0x00},  /* U+25B4 */
    {0x00,0x00,0x00,0x00,0x00,0x00,0x00,0x00,0x18,0x24,0x7E,0x00,0x00,0x00,0x00,0x00},  /* U+25B5 */
    {0x00,0x00,0x00,0x00,0x00,0x00,0x60,0x78,0x7E,0x7E,0x78,0x60,0x00,0x00,0x00,0x00},  /* U+25B6 */
    {0x00,0x00,0x00,0x00,0x00,0x00,0x60,0x58,0x46,0x46,0x58,0x60,0x00,0x00,0x00,0x00},  /* U+25B7 */
    {0x00,0x00,0x00,0x00,0x00,0x00,0x00,0x30,0x3C,0x3C,0x30,0x00,0x00,0x00,0x00,0x00},  /* U+25B8 */
    {0x00,0x00,0x00,0x00,0x00,0x00,0x00,0x30,0x2C,0x2C,0x30,0x00,0x00,0x00,0x00,0x00},  /* U+25B9 */
    {0x00,0x00,0x00,0x00,0x00,0x00,0x00,0x60,0x78,0x7E,0x78,0x60,0x00,0x00,0x00,0x00},  /* U+25BA */
    {0x00,0x00,0x00,0x00,0x00,0x00,0x00,0x60,0x58,0x46,0x58,0x60,0x00,0x00,0x00,0x00},  /* U+25BB */
    {0x00,0x00,0x00,0x00,0x00,0x7E,0x7E,0x3C,0x3C,0x18,0x18,0x00,0x00,0x00,0x00,0x00},  /* U+25BC */
    {0x00,0x00,0x00,0x00,0x00,0x7E,0x42,0x24,0x24,0x18,0x18,0x00,0x00,0x00,0x00,0x00},  /* U+25BD */
    {0x00,0x00,0x00,0x00,0x00,0x00,0x00,0x00,0x7E,0x3C,0x18,0x00,0x00,0x00,0x00,0x00},  /* U+25BE */
    {0x00,0x00,0x00,0x00,0x00,0x00,0x00,0x00,0x7E,0x24,0x18,0x00,0x00,0x00,0x00,0x00},  /* U+25BF */
    {0x00,0x00,0x00,0x00,0x00,0x00,0x06,0x1E,0x7E,0x7E,0x1E,0x06,0x00,0x00,0x00,0x00},  /* U+25C0 */
    {0x00,0x00,0x00,0x00,0x00,0x00,0x06,0x1A,0x62,0x62,0x1A,0x06,0x00,0x00,0x00,0x00},  /* U+25C1 */
    {0x00,0x00,0x00,0x00,0x00,0x00,0x00,0x0C,0x3C,0x3C,0x0C,0x00,0x00,0x00,0x00,0x00},  /* U+25C2 */
    {0x00,0x00,0x00,0x00,0x00,0x00,0x00,0x0C,0x34,0x34,0x0C,0x00,0x00,0x00,0x00,0x00},  /* U+25C3 */
    {0x00,0x00,0x00,0x00,0x00,0x00,0x00,0x06,0x1E,0x7E,0x1E,0x06,0x00,0x00,0x00,0x00},  /* U+25C4 */
    {0x00,0x00,0x00,0x00,0x00,0x00,0x00,0x06,0x1A,0x62,0x1A,0x06,0x00,0x00,0x00,0x00},  /* U+25C5 */
    {0x00,0x00,0x00,0x00,0x00,0x08,0x1C,0x3E,0x7F,0x3E,0x1C,0x08,0x00,0x00,0x00,0x00},  /* U+25C6 */
    {0x00,0x00,0x00,0x00,0x00,0x08,0x14,0x22,0x41,0x22,0x14,0x08,0x00,0x00,0x00,0x00},  /* U+25C7 */
    {0x00,0x00,0x00,0x00,0x00,0x08,0x14,0x2A,0x5D,0x2A,0x14,0x08,0x00,0x00,0x00,0x00},  /* U+25C8 */
    {0x00,0x00,0x00,0x00,0x00,0x1C,0x22,0x59,0x5D,0x4D,0x22,0x1C,0x00,0x00,0x00,0x00},  /* U+25C9 */
    {0x00,0x00,0x00,0x18,0x18,0x24,0x24,0x42,0x42,0x24,0x24,0x18,0x18,0x00,0x00,0x00},  /* U+25CA */
    {0x00,0x00,0x00,0x00,0x00,0x1C,0x22,0x41,0x41,0x41,0x22,0x1C,0x00,0x00,0x00,0x00},  /* U+25CB */
    {0x00,0x00,0x00,0x00,0x00,0x14,0x00,0x41,0x00,0x41,0x00,0x14,0x00,0x00,0x00,0x00},  /* U+25CC */
    {0x00,0x00,0x00,0x00,0x00,0x1C,0x36,0x55,0x55,0x55,0x36,0x1C,0x00,0x00,0x00,0x00},  /* U+25CD */
    {0x00,0x00,0x00,0x00,0x00,0x1C,0x22,0x49,0x55,0x49,0x22,0x1C,0x00,0x00,0x00,0x00},  /* U+25CE */
    {0x00,0x00,0x00,0x00,0x00,0x1C,0x3E,0x7F,0x7F,0x7F,0x3E,0x1C,0x00,0x00,0x00,0x00},  /* U+25CF */
};

#endif /* EB_FONT8X16_H */
